题型	编号	题干	选项A	选项B	选项C	选项D	正确答案
单选题	1	违反治安管理行为人一年内曾受过治安管理处罚的,()	从重处罚	加重处罚	减轻处罚	从轻处罚	A
单选题	2	根据《治安管理处罚法》等法律规定,下列行为中应当以治安违法进行处罚的是()	偷开他人机动车	酒后驾驶机动车辆	收购多张电话卡并出售	老师用戒尺体罚调皮捣蛋学生	A
单选题	3	下列()行政行为应当告知违反治安管理行为人有权要求举行听证,因李某结伙殴打他人,对其行政拘留十五日并处罚款两千元,对王某经营的KTV责令停业整顿一个月	刘某已满十四周岁不满十六周岁	因殴打他人被行政拘留五日不执行行政拘留	张某某因非法出境、入境	依据出入境管理法对其行政罚款五千元	B
单选题	4	刘某在朋友圈对某英雄烈士事迹发布“该英雄烈士事迹都是炒作并非事实”的不当言论,未引发大量跟读、炒作及重大社会舆情,其行为应按照()违法行为予以处罚	寻衅滋事	侵害英雄烈士姓名、肖像、名誉、荣誉	亵渎、否定英雄烈士事迹和精神	扰乱公共场所秩序	C
单选题	5	12月13日国家公祭日当天,王某和李某二人在某人民广场,王某穿和服、李某装扮成日本军官拍婚纱照,被路人举报,民警到场了解情况后对行为人开展释法明理的教育工作,该二人听从劝阻,认识了错误｡对该二人的行为应()	按寻衅滋事处罚	按扰乱公共场所秩序处罚	按在公共场所穿戴、宣扬、美化侵略行为的服饰、标志处罚	不构成违法行为	D
单选题	6	根据《公安机关接报案与立案工作规定》及《天津市公安局接报案和立案工作实施细则(试行)》,报案人通过来信、电子邮件、传真报案的,首接单位应当在收到报案材料之日起()内与报案人联系,并在市局执法办案平台进行接报案登记,但因没有联系方式等客观原因无法取得联系的除外	二日	三日	五日	七日	B
单选题	7	新修订《治安管理处罚法》正式施行时间为()	2025年6月27日	2026年1月1日	2025年7月15日	2025年11月1日	B
单选题	8	下列行为中属于妨碍社会管理的是()	非法携带匕首进入商场	在文物古迹上划刻	高空抛物	公交车上殴打他人	B
单选题	9	《治安管理处罚法》的立法目的,不包括(),维护社会治安秩序	保障公共安全	惩治罪犯	保护人民	保护公民、法人和其他组织的合法权益	C
单选题	10	王某在网络平台公布他人未公开的家庭住址和联系方式,其行为构成()	扰乱公共秩序	侵犯他人隐私	侮辱他人	诽谤他人	B
单选题	11	下列行为中不属于侵犯人身权利的是()	公然侮辱他人	偷窥他人隐私	故意损毁他人财物	殴打他人	C
单选题	12	新修订《治安管理处罚法》规定将单个违法行为的罚款幅度上限调整为()	一千元	二千元	五千元	一万元	C
单选题	13	《治安管理处罚法》中规定,涉案人数众多,违反治安管理行为人身份不明的,首次询问查证时间不得超过()	八小时	十二小时	十八小时	二十四小时	B
单选题	14	《治安管理处罚法》将治安案件办理期限由三十日延长至(),疑难案件可再延长相同期限	四十五日	六十日	九十日	一百二十日	B
单选题	15	赵某从自家10楼窗户向外抛掷一个空酒瓶,虽未砸中人车,但落在小区人行道旁｡公安机关可对赵某处以(),批评教育	不予处罚	五日以下拘留或者一千元以下罚款	必须处以十日拘留	仅能处以罚款	B
单选题	16	《治安管理处罚法》建立了治安违法记录封存制度｡关于此制度,下列说法正确的是(),所有治安违法记录均应当封存	封存的记录在任何情况下都不得查询	除法律明确规定外	任何单位不得要求提供无违法记录证明	此制度仅适用于未成年人	A
单选题	17	钱某因纠纷殴打他人致轻微伤｡在公安机关调查期间,钱某自愿如实陈述违法行为,承认事实并愿意接受处罚｡公安机关(),必须从轻或减轻处罚,可以依法从宽处理	因其认错态度好	应当不予处罚	不影响处罚	但可作为执行参考	B
单选题	18	治安管理处罚的程序,适用《治安管理处罚法》的规定;《治安管理处罚法》没有规定的,适用()的有关规定	《治安管理处罚条例》	《行政复议法》	《行政处罚法》	公安机关内部文件	C
单选题	19	违反治安管理的行为对他人造成损害的,()应当依法承担民事责任	行为人	监护人	行为人或者法定代理人	行为人或者监护人	D
单选题	20	下列情形中,可以适用治安调解的有()	放任动物恐吓他人	结伙斗殴或者寻衅滋事	当事人明确表示不愿调解处理	多次实施违反治安管理行为	A
单选题	21	教唆、胁迫、诱骗他人违反治安管理的,应当()	按照其教唆、胁迫、诱骗的行为处罚	减轻处罚	加重处罚	从轻处罚	A
单选题	22	单位违反治安管理的,对其()和其他直接责任人员依照《治安管理处罚法》的规定处罚｡其他法律、行政法规对同一行为规定给予单位处罚的,依照其规定处罚	直接负责的主管人员	领导	负责人	主管人员	A
单选题	23	对于单位违反《治安管理处罚法》的,应如何处罚()	仅对其直接负责的主管人员进行处罚	仅对直接责任人员进行处罚	应对其直接指使的主管人员进行处罚	应对其直接负责的主管人员和其他直接责任人员进行处罚	D
单选题	24	根据《治安管理处罚法》规定,可以减轻处罚的情形包括(),主动消除或者减轻违法后果	并取得被侵害人谅解的	初次违反治安管理的	由于他人教唆的	态度较好的	A
单选题	25	根据《治安管理处罚法》规定,不予处罚的情形包括()	出于他人诱骗的	初次违反治安管理的	由于他人教唆的	平时表现较好的	A
单选题	26	根据《治安管理处罚法》规定,可以不予处罚的情形包括(),主动投案	向公安机关如实陈述自己的违法行为的	初次违反治安管理的	由于他人教唆的	平时表现较好的	A
单选题	27	违反治安管理行为系出于他人胁迫或者诱骗的,()	从轻、减轻处罚或者不予处罚	从轻处罚或者不予处罚	减轻处罚	从轻处罚	A
单选题	28	下列治安管理处罚中可以由派出所决定的是()	警告和罚款	警告和五百元以下罚款	警告和一千元以下罚款	警告、罚款和行政拘留	C
单选题	29	对适用简易程序处罚的治安案件,下列说法正确的是()	民警必须出示人民警察证	民警着制服时可以不用出示工作证件	处罚决定书可以事后邮寄送达	经办民警应当三日内上报备案	A
单选题	30	被决定行政拘留的被处罚人,申请暂缓执行应当以什么形式提出()	只能以口头形式提出	只能以书面形式提出	口头形式或者书面形式	需要委托律师提出	C
单选题	31	下列()不能作为暂缓行政拘留执行的担保人	十三岁的表弟	本地八十岁的退休教师	在本村担任村支书的叔叔	本地律师朋友	A
单选题	32	下列各项中,不属于作为暂缓行政拘留执行担保人的必须具备的条件的是(),与本案无牵连	享有政治权利	人身自由未受到限制	在当地有常住户口和固定工作	有能力履行担保义务	C
单选题	33	担保人不履行担保义务,致使被担保人逃避行政拘留处罚的执行的,公安机关可以对其处以()	警告	行政拘留	罚款	追加保证金	C
单选题	34	被决定给予行政拘留处罚的人交纳保证金,暂缓行政拘留后,逃避行政拘留处罚的执行的,(),已经作出的行政拘留决定仍应执行	保证金予以没收并上缴国库	保证金予以收缴	保证金可以退还	保证金予以没收并重新交纳符合标准的保证金	A
单选题	35	被决定给予行政拘留处罚的人交纳保证金,暂缓行政拘留后,逃避行政拘留处罚的执行的,保证金予以没收并上缴国库,已经作出的行政拘留决定()	予以撤销	不再执行	仍应执行	执行无效	C
单选题	36	行政拘留的处罚决定被撤销,或者行政拘留处罚开始执行的,公安机关收取的保证金应()	继续保存在公安机关	上缴国库	退还交纳人	抵交罚款	C
单选题	37	《治安管理处罚法》规定,()处罚可由公安派出所决定	罚款一千五百元	行政拘留五日	罚款一千元	吊销公安机关发放的许可证件	C
单选题	38	以下关于治安管理处罚听证程序说法错误的是(),处以三千元罚款的,有权申请听证,被责令停产停业的,有权申请听证	未成年被处拘留并执行的	有权申请听证	具有重大社会影响的案件	有权申请听证	A
单选题	39	被处罚人对治安管理处罚决定不服,有权()	申请行政复议	提起行政仲裁	提起申诉	申请重新调查	A
单选题	40	张某因嫖娼被处以行政拘留,张某不服处罚决定,提出行政复议,并申请暂缓执行行政拘留｡下列人员中,()可作为担保人,甲,张某的姑姑,法院工作人员,乙,张某的祖父,年过古稀,靠子女供养,丙,张某的兄弟,正在服缓刑期间	丁	张某的朋友	外地人	在本地经商	A
单选题	41	小王因吸食毒品被处行政拘留十日,因殴打他人被处行政拘留十五日,合并执行行政拘留的期限最长不超过()	十五日	二十日	二十五日	三十日	B
单选题	42	王某为博眼球,在小区消防演练现场拍摄视频,编造“小高层住户跳楼”的虚假信息发布至网络,引发居民恐慌｡当事人对处罚决定不服,根据《治安管理处罚法》,其合法救济途径是()	只能申请行政复议	只能提起行政诉讼	可直接提起行政诉讼	需先申请复核再复议	C
单选题	43	赵某(13岁)伙同他人一起打麻将赢了人民币一百零五元被公安机关现场查获,因赵某系未成年人,公安机关未对其进行治安处罚,但对于其所赢的一百零五元应当()	没收	追缴	退给输钱的人	收缴	D
单选题	44	甲乙丙丁四人自发成立了环卫保护小组,在保护生态环境活动中,因制止他人乱倒生活垃圾发生口角,进而共同殴打他人,后被公安机关查获,对四人殴打他人的行为,公安机关应当()	按四人在殴打他人中所起的作用分别处罚	处罚该单位的组织者甲	处罚该单位环卫保护组	处罚该单位负责人	C
单选题	45	刘某将在公交车上盗走其手机(价值六百元)和十元人民币的张某扭送至公安机关,张某矢口否认盗窃,但手机等物证及见证人陈述能够充分证明案件事实的存在,公安机关据此()作出治安管理处罚决定	可以	不能	待张某承认后可以	以上说法都不对	A
单选题	46	张某于2025年8月1日被决定行政拘留5日,当日16时入所执行,其应当在()出所	8月5日16时前	8月5日	8月6日	8月7日	C
单选题	47	以下构成寻衅滋事的()	结伙殴打他人	互殴	侵占他人较大价值财物	追逐、拦截他人	D
单选题	48	有两种以上违反治安管理行为的,合并执行行政拘留的最长期限为()	十五日	二十日	二十五日	三十日	B
单选题	49	经公安机关调解达成协议并履行的治安案件,应当()	从轻处罚	减轻处罚	不予处罚	保留处罚权	C
单选题	50	已满十四周岁不满十八周岁的人违反治安管理的,应当()	免于处罚	从轻或者减轻处罚	加重处罚	与成年人同等处罚	B
单选题	51	违反治安管理行为在()内没有被公安机关发现的,不再处罚	三个月	六个月	一年	二年	B
单选题	52	对于情节特别轻微的违反治安管理行为,公安机关可以()	从轻、减轻处罚或者不予处罚	从重处罚	必须进行警告	必须进行罚款	A
单选题	53	醉酒的人违反治安管理的,应当()	不予处罚	减轻处罚	从重处罚	给予处罚	D
单选题	54	被处罚人对治安管理处罚决定不服的,可以依法申请行政复议的期限是()	自收到处罚决定书之日起十五日内	自收到处罚决定书之日起三十日内	自收到处罚决定书之日起六十日内	自收到处罚决定书之日起六个月内	C
单选题	55	违反治安管理行为人提出的事实、理由或证据成立的,公安机关应当()	不予采纳	复核后决定	予以采纳	向上级汇报	C
单选题	56	公安机关对违反治安管理行为人进行询问查证的一般期限为()	六小时	八小时	十二小时	二十四小时	B
单选题	57	公安机关作出治安管理处罚决定后,处罚决定书无需载明的内容是()	违法事实和证据	处罚种类和依据	被处罚人家庭收入	行政复议途径	C
单选题	58	公安机关办理治安案件时,对查获的淫秽物品应当()	没收	收缴	拍卖	销毁	B
单选题	59	公安机关对治安案件所作的调解为()	司法调解	人民调解	治安调解	民事调解	C
单选题	60	公安机关对治安案件的调解,其内容是()	民间纠纷的实体内容	违反治安管理行为及相关损害赔偿	有关损害赔偿	以上答案都不对	B
单选题	61	下列情形中,不适用治安调解的有()	制造噪声干扰他人正常生活	偷开他人机动车	结伙斗殴	捏造事实诽谤他人	C
单选题	62	下列各项中属于公安机关行使治安管理处罚的种类有()	警告	没收违法所得	责令停产停业	收缴	A
单选题	63	《治安管理处罚法》规定的处罚种类有()	罚没	收缴	责令停业整顿	吊销公安机关发放的许可证件	D
单选题	64	某人使用针管注射毒品被查获,对于注射针管,属于()	违禁品	作案工具	合法财物	犯罪工具	B
单选题	65	某人携带淫秽光碟乘车返乡,途中被查获,其携带的淫秽光碟属()	违禁品	管制品	作案工具	以上答案都不对	A
单选题	66	根据《治安管理处罚法》规定,违反治安管理行为超过追究时效,不再处罚,如有违禁品的,()	应当追缴	不予追缴	应当收缴	不予收缴	C
单选题	67	办理治安案件所查获的毒品、淫秽物品等违禁品,赌具、赌资,吸食、注射毒品的用具以及直接用于实施违反治安管理行为的本人所有的工具,应当(),按照规定处理	收缴	没收	追缴	查封	A
单选题	68	违反治安管理所得的财物,应当()退还被侵害人	扣押	收缴	追缴	没收	C
单选题	69	公安机关对依法不予处罚的违反治安管理行为人,如有违法所得的,()	应当追缴	不予追缴	可以收缴	不予收缴	A
单选题	70	已满十四周岁不满十八周岁的人违反治安管理的,()处罚	免予	从轻	减轻	从轻或者减轻	D
单选题	71	盲人或者()违反治安管理的,可以从轻、减轻或者不予处罚	又聋又哑的人	耳聋人	哑人	拐子	A
单选题	72	李某系一又聋又哑的人,在实施盗窃的违反治安管理行为时被公安机关抓获,对李某()处罚	从轻	必须减轻	可以从轻、减轻或不予	必须从轻、减轻或不予	C
单选题	73	盲人或者又聋又哑的人违反治安管理的,可以()处罚	免予	从轻	减轻	从轻、减轻或者不予	D
单选题	74	盲人违反治安管理的,可以()处罚	免于	从轻	减轻	从轻、减轻或不予	D
单选题	75	根据《治安管理处罚法》规定,醉酒的人违反治安管理的,应当()	从轻处罚	减轻处罚	免予处罚	给予处罚	D
单选题	76	对醉酒的人采取保护性约束,()使用手铐或脚铐,可以	经批准后可以	不得	情况严重的	可以	C
单选题	77	醉酒的人在醉酒状态中,对本人有危险或者对他人的人身、财产或者公共安全有威胁的,应当对其()约束到酒醒	使用警具	采取保护性措施	使用手铐或脚镣	采取强制性措施	B
单选题	78	根据治安管理处罚法的规定,有两种以上违反治安管理行为的,分别决定,合并执行｡行政拘留处罚合并执行的,最长不超过()	十五日	二十日	二十五日	三十日	B
单选题	79	甲因盗窃被公安机关查获,决定治安拘留十五日,同时查明其还有抢夺行为,决定治安拘留十日,根据法律规定,甲应执行治安拘留()	十日	十五日	二十日	二十五日	C
单选题	80	某个体经营部共有职员6人,在该部经营者甲的带领下共同实施了寻衅滋事的违反治安管理的行为,对此公安机关应当()	分别对6人进行处罚	处罚该单位负责人甲	对该单位进行处罚	以上答案都不对	A
单选题	81	甲乙二人共同实施了殴打他人致轻微伤的行为,公安机关应当对甲乙()	分别处罚	按照二人在殴打他人中所起的作用分别处罚	比照处罚	从重处罚	B
单选题	82	行为人为实施违反治安管理准备工具、制造条件的,应当()	从轻处罚	减轻处罚	不予处罚	从轻处罚、减轻处罚或不予处罚	C
单选题	83	行为人自动放弃实施违反治安管理行为或者自动有效地防止违反治安管理行为结果发生,没有造成损害的,应当()	从轻处罚	减轻处罚	不予处罚	从轻处罚、减轻处罚或不予处罚	D
单选题	84	行为人自动放弃实施违反治安管理行为或者自动有效地防止违反治安管理行为结果发生,造成损害的,应当()	从轻处罚	减轻处罚	不予处罚	从轻处罚、减轻处罚或不予处罚	D
单选题	85	行为人已经着手实施违反治安管理行为,但由于本人意志以外的原因而未得逞的,应当()	从轻处罚	减轻处罚	不予处罚	从轻处罚、减轻处罚或不予处罚	D
单选题	86	根据《治安管理处罚法》的规定,违反治安管理有()情形的,从重处罚	教唆、胁迫、诱骗他人违反治安管理的	平时表现不好	再次违反治安管理	主观恶性较深	A
单选题	87	根据《治安管理处罚法》规定,违反治安管理有()情形的,从重处罚	对报案人、控告人、举报人、证人打击报复的	平时表现不好	再次违反治安管理	手段恶劣	A
单选题	88	违反治安管理行为在()没有被公安机关发现的,不再处罚	六个月内	一年内	三个月内	两年内	A
单选题	89	对连续或继续状态的违反治安管理行为的追究期限,应当从()起算	最早一次行为或行为开始的那一天	最早一天行为或行为终了的那一天	最后一次行为或行为开始的那一天	最后一次行为或行为终了的那一天	D
单选题	90	根据《治安管理处罚法》规定,违反治安管理行为超过追究时效,()	免予处罚	不予处罚	减轻处罚	不再处罚	D
单选题	91	根据《治安管理处罚法》规定,违反治安管理行为的追究时效从行为()起计算	发生之日	发生之次日	发生之时	结束之日	A
单选题	92	根据《治安管理处罚法》规定,违反治安管理行为有连续或者继续状态的,追究时效从行为()起计算	发生之日	发生之次日	终了之日	结束之日	C
单选题	93	在办理治安案件过程中,公安机关负责人的回避,有决定权的是()	上一级公安机关	同级检察院	本局党委会	本案办案成员集体	A
单选题	94	根据《治安管理处罚法》的规定,对无正当理由不接受传唤或者逃避传唤的人,可以()	行政拘留	罚款	警告	强制传唤	D
单选题	95	公安机关应当及时将传唤的()通知被传唤人家属	被传唤人的表现	法律依据	案件具体情况	原因和处所	D
单选题	96	按照《治安管理处罚法》规定,询问不满()的违反治安管理行为人,应当通知其父母或者其他监护人到场	十二周岁	十四周岁	十六周岁	十八周岁	D
单选题	97	公安机关找违反治安管理人员调查案件事实,制作的是()	谈话笔录	询问笔录	盘问笔录	讯问笔录	B
单选题	98	人民警察在公安机关以外询问被侵害人或者其他证人,()	应当出示人民警察证	应当出示身份证	可以出示证件	不需出示证件	A
单选题	99	询问()的违反治安管理行为人、被侵害人或者其他证人,应当有通晓手语的人提供帮助,并在笔录上注明	不通晓当地通用的语言文字	聋子	聋哑	不通晓语言文字	C
单选题	100	公安机关对与违反治安管理行为有关的场所、物品、人身可以进行检查｡检查时,人民警察不得少于()人	三	二	一	四	B
单选题	101	一般情况下,公安机关人民警察对与违反治安管理行为有关的场所、物品和人身进行检查时,应当出示人民警察的工作证件和县级以上人民政府公安机关开具的()	协查证	拘传证	传唤证	检查证	D
单选题	102	治安管理处罚由()人民政府公安机关决定,其中警告、一千元以下罚款可以由公安派出所决定	县级以上	地市级以上	乡镇以上	省级以上	A
单选题	103	对决定给予行政拘留处罚的人在处罚前已经采取强制措施限制人身自由的时间,应当折抵｡限制人身自由一日,折抵行政拘留()	半日	一日	三日	二日	B
单选题	104	公安机关必须充分听取违反治安管理行为人的意见,对违反治安管理行为人提出的事实、理由和证据,应当进行()	复核	审查	审核	审批	A
单选题	105	违反治安管理行为人提出的事实、理由或者证据成立的,公安机关应当()	复核	审核	采纳	不予采纳	C
单选题	106	对决定给予行政拘留处罚的,公安机关()通知被处罚人的家属	应当二日内	可以及时	应当及时	可以二日内	C
单选题	107	公安机关应当向被处罚人宣告治安管理处罚决定书,并当场交付被处罚人;无法当场向被处罚人宣告的,应当在()送达被处罚人	二日内	三日内	五日内	七日内	A
单选题	108	当场作出治安管理处罚决定的,办案民警应当在()内报所属公安机关备案	二日	二十四小时	三日	十二小时	B
单选题	109	对经行政复议撤销、变更原处罚决定或者责令被申请人重新作出具体行政行为的行政诉讼案件,由()出庭应诉	原办案公安机关	作出处罚决定的公安机关	原办案公安机关的上一级公安机关	行政复议机关	D
单选题	110	对被决定给予行政拘留处罚的人,由()的公安机关送达拘留所执行	抓获嫌疑人	作出决定	具体办案	负责押送嫌疑人	B
单选题	111	受到罚款处罚的人应当自收到处罚决定书之日起(),到指定的银行缴纳罚款	三日内	七日内	十日内	十五日内	D
单选题	112	受到罚款处罚的人应当自()起十五日内,到指定的银行缴纳罚款	公安机关作出处罚决定之日	公安机关制作处罚决定书之日	被告知行政处罚决定之日	收到处罚决定书之日	D
单选题	113	根据《治安管理处罚法》规定,被处罚人在当地没有(),不当场收缴事后难以执行的,人民警察可以当场收缴罚款	固定工作	固定收入	自己房产	固定住所	D
单选题	114	人民警察当场收缴罚款,不开具统一印发的罚款收据的,被处罚人有权()	拒绝执行罚款	提出暂缓执行处罚	提出暂缓缴纳罚款	拒绝缴纳罚款	D
单选题	115	被处罚人不服行政拘留处罚决定,申请行政复议、提起行政诉讼的,可以向公安机关提出()的申请	停止执行行政拘留	撤销行政拘留处罚	暂缓执行行政拘留	变更行政拘留处罚	C
单选题	116	根据《治安管理处罚法》的规定,行政拘留时间以日为计算单位,期限为()日以下	十五	二十	十	二十	C
单选题	235	行政拘留处罚合并执行的,最长不超过()日	十五	二十	十	二十	C
单选题	117	下列()行为,不能给予治安管理处罚	卖淫	嫖娼	在公共场所拉客招嫖	组织卖淫	D
单选题	118	询问笔录应当交被询问人核对,对没有阅读能力的,应当向其宣读｡记载有遗漏或者差错的,被询问人可以提出()	补充或者更正	由其他民警书写询问笔录	拒绝签字	重新询问	A
单选题	119	公安机关必须充分听取违反治安管理行为人的意见,对违反治安管理行为人(),应当进行复核	陈述的情况	提出的事实、理由和证据	陈述、申辩	提出的理由	B
单选题	120	甲因对乙造成人身伤害,被公安机关处以行政拘留十五日的处罚｡根据《行政处罚法》规定,这项处罚应当由哪种规范性文件设定()	法律	行政法规	地方性法规	公安部规章	A
单选题	121	下列不属于应当追缴的选项是(),盗窃怀孕的母羊	该母羊所生的小羊	卖淫的收入	将盗窃的货币存入银行所产生的利息	淫秽物品	D
单选题	122	根据《治安管理处罚法》的规定,对已满十四周岁不满十八周岁的人违反治安管理的,应当()处罚	从轻或减轻	减轻或不予	从轻或免于	不予	A
单选题	123	公安机关及其人民警察在办理治安案件时,()不属于应当保密的事项	个人隐私	国家秘密	办案程序	商业秘密	C
单选题	124	公安部规章可以创设行政处罚的范围包括()	警告与罚金	警告与一定数额的罚款	警告与没收财产	警告、罚款与没收财产	B
单选题	125	《治安管理处罚法》修改了听证范围,当事人有权要求听证的罚款数额起点为()	二千元	三千元	四千元	五千元	C
单选题	126	公安机关收到听证申请后,应当在()决定是否受理	二日内	三日内	五日内	七日内	A
单选题	127	公安机关受理听证后,应当在举行听证的()将举行听证通知书送达听证申请人	二日前	三日前	五日前	七日前	D
单选题	128	听证应当在公安机关收到听证申请之日起()举行	十日内	十二日内	十五日内	二十日内	A
单选题	129	治安管理处罚决定应当在()送达	二日内	三日内	五日内	七日内	A
单选题	130	对具有法定情形的违反治安管理行为人作出行政拘留决定后,可不执行行政拘留｡下列情形适用不执行行政拘留错误的是(),丁实施抢夺时十七周岁,初次违反治安管理	甲实施盗窃时十三周岁	乙殴打他人时七十二周岁	丙卖淫被查获	经检查已怀孕2个月	A
单选题	131	张某、李某因共同违法行为被公安机关决定行政拘留后,张某申请行政复议｡下列说法正确的是(),若拘留已经开始执行,则张某需执行拘留完毕后再申请复议	张某向公安机关申请暂缓执行拘留	公安机关对张某可以暂缓执行拘留	张某申请暂缓执行拘留须由李某作担保人	张某、李某必须同时申请复议	B
单选题	132	某村村委会进行换届选举,下列行为中,不构成破坏选举秩序的是(),甲殴打选民刘某,不让其投陈某的票,乙为了获取选票,给部分选民每人一百元现金	丙伪造选票	填上自己中意的候选人	丁在选举会场突然对候选人的资格提出异议	致使选举活动暂时中止	D
单选题	133	张某(17岁,初次违反治安管理),2026年5月1日实施寻衅滋事行为,情节严重、影响恶劣,被公安机关查获｡根据《治安管理处罚法》,对张某的处罚正确的是(),警告,责令其监护人严加管教	行政拘留不执行	行政拘留并执行	罚款一千元	由其监护人缴纳	C
单选题	134	下列行为中未达到刑事追诉标准,可以由公安机关予以治安处罚的是()	童某无证行医	曹某偷逃税款	吕某故意伤害	董某销售劣药	C
单选题	135	以下关于《治安管理处罚法》说法正确的是(),对于因民间纠纷引起的打架斗殴或者损毁他人财物等违反治安管理行为,情节较轻的,公安机关可以调解处理,违反治安管理行为对他人造成损害的,承担治安行政责任的,可以免予民事责任,违反治安管理行为构成犯罪,已经追究治安违法责任	可以免予刑罚	符合治安调解条件的案件	若被侵害人一方同意调解	则可以调解	C
单选题	136	以下关于《治安管理处罚法》说法正确的是(),符合治安调解案件,当事人自行和解后,当事人可以口头向公安机关申请认可,符合治安调解案件,当事人自行和解,则公安机关应当予以认可,调解失败	公安机关应为当事人提交民事诉讼状	经公安机关调解	当事人达成协议并履行的	不予处罚	D
单选题	137	乔某因征地纠纷找拆迁部门索要青苗补偿费,因双方未谈妥,乔某躺在该单位门口,致使人员、车辆无法正常进出,引发围观｡乔某违反治安管理行为的性质是()	寻衅滋事	扰乱单位秩序	扰乱公共场所秩序	聚众妨碍交通工具正常行驶	B
单选题	138	以下不构成违反治安管理的是()	组织作弊的	为他人组织作弊提供作弊器材或者其他帮助的	代替他人或者让他人代替自已参加考试的	参与作弊的	B
单选题	139	李某与周某因债务发生纠纷,李某心生怨气,发送短信对周某进行辱骂｡起初周某未予理睬,但李某继续向周某发送数十条辱骂信息,周某不堪其扰而报警｡对李某的行为,公安机关可以如何处理()	以发送信息干扰正常生活对李某予以治安管理处罚	以侮辱对李某予以治安管理处罚	以诽谤对李某予以治安管理处罚	以侵犯隐私对李某予以治安管理处罚	B
单选题	140	刘某在居住的小区内看到一辆小轿车的后车门没有关严,随即进入车中,想法接通点火电线启动汽车,并绕环城公路驾驶一圈后将汽车停在原处｡车的主人发现车被人挪动后报警,民警根据小区的监控录像将刘某抓获｡下列说法正确的是(),按照《治安管理处罚法》,以偷开他人机动车的规定处罚,按照《治安管理处罚法》,以寻衅滋事的规定处罚	刘某的行为属盗窃中止	应追究刑事责任	刘某的行为属盗窃未遂	应追究刑事责任	A
单选题	141	某小区业主甲因邻居乙在家唱卡拉OK影响其休息而多次报警｡某日,甲、乙2人为此又发生相互殴打,均造成轻微伤害｡派出所民警赵某、张某对这起纠纷进行了处理｡以下说法正确的是(),制造噪声干扰他人正常生活的,警告后不改正的,处二百元以上五百元以下罚款,制造噪声干扰他人正常生活的,警告、罚款后不改正的	处五日以下拘留	制造噪声干扰他人正常生活的	处警告	赵某、张某对此案可以调解处理	D
单选题	142	十五岁的赵某因多次在学校周边寻衅滋事,扰乱公共秩序,情节严重且影响恶劣｡根据《治安管理处罚法》规定,对赵某的处罚正确的是(),不予处罚,仅责令监护人管教,从轻处罚	处以五百元罚款	可依法执行行政拘留	减轻处罚	给予警告	C
单选题	143	教唆十三周岁未成年人实施盗窃行为,对教唆者应当()	不予处罚	按盗窃行为从轻处罚	按盗窃行为从重处罚	与未成年人共同处罚	C
单选题	144	王某虚构“某商场出现疫情”的虚假信息在网络传播,引发群众恐慌,其行为构成()	扰乱公共场所秩序	虚构事实扰乱公共秩序	诽谤	妨碍社会管理	B
单选题	145	高空抛物未造成人身伤害但危害公共安全,情节严重的,根据《治安管理处罚法》规定,应处(),警告或者二百元以下罚款	五日以下拘留或者五百元以下罚款	五日以上十日以下拘留或者一千元以下罚款	十日以上十五日以下拘留	可以并处一千元以下罚款	D
单选题	146	甲饲养了一条宠物狗,因该狗经常在夜间长吠,邻居乙多次要求甲采取措施,甲因此怀恨在心,某晚甲在小区内遛狗,见乙的女儿回家,甲驱使宠物狗将乙的女儿咬伤｡乙要求公安机关处罚甲赔偿其女儿的医药费及精神损失费等经济赔偿,公安机关应(),参照民法有关规定,应裁决甲赔偿乙的损失,责令甲赔偿损失	不赔偿的可予警告	但对乙提出的精神损失的赔偿请求应提起民事诉讼	告知乙就赔偿的问题向人民调解委员会申请调解	告知乙就赔偿问题向人民法院提起诉讼	D
单选题	147	根据《治安管理处罚法》的规定,对违反治安管理的行为造成的损失,公安机关做法正确的是(),裁决违反治安管理行为人赔偿损失或者负担医疗费用,必须组织调解,符合法定调解条件的	可以进行调解	调解不成的或不属于调解范围的	告知当事人依法到人民法院进行民事诉讼	告知当事人向检察机关反映	C
单选题	148	对因()引起的治安案件进行调解时,可以邀请当事人居住地的村(居)民委员会的人员或者双方当事人熟悉的人员参加帮助调解	同事之间的纠纷	邻里纠纷	亲友之间纠纷	在校学生之间的纠纷	B
单选题	149	对因邻里纠纷引起的治安案件进行调解时,可以邀请当事人居住地的()或者双方当事人熟悉的人员参加帮助调解	公安派出所民警	居(村)民委员会的人员	政府机构工作人员	政府信访部门工作人员	B
单选题	150	陈某盗窃他人财物被公安机关查获,办案民警在调查中发现其十五岁,对陈某应()	免于处罚	从轻处罚	从轻或减轻处罚	减轻处罚	C
单选题	151	精神病人违反治安管理不予处罚的,公安机关应当要求()严加看管和治疗	辖区居委会	精神病专科医院	患者的监护人	社区	C
单选题	152	根据《治安管理处罚法》的规定,对精神病人在不能辨认或者不能控制自己行为的时候违反治安管理的,()	从轻处罚	减轻处罚	免予处罚	不予处罚	D
单选题	153	根据《治安管理处罚法》的规定,间歇性的精神病人在精神正常的时候违反治安管理的,应当()	从轻处罚	减轻处罚	免予处罚	给予处罚	D
单选题	154	精神病人在不能辨认或者不能控制自己行为的时候违反治安管理的,不予处罚,但是应当责令其监护人严加看管和治疗｡间歇性的精神病人在()的时候违反治安管理的,应当给予处罚	精神正常的时候	有点正常的时候	基本能辨认自己的行为的时候	基本能控制自己的行为的时候	A
单选题	155	甲对乙称,如果乙不去殴打丙就杀害乙的妻儿｡乙无奈,将丙殴打成轻微伤,后被民警查获,对甲的行为公安机关应当()	批评教育	按殴打他人处罚	不予处罚	予以训诫	B
单选题	156	根据《治安管理处罚法》规定,可以减轻处罚的情形包括()	情节特别轻微的	初次违反治安管理的	由于他人教唆的	态度较好的	A
单选题	157	治安管理处罚由()决定,其中警告、一千元以下罚款可以由()决定	公安派出所;县级以上公安机关	县级以上公安机关;派出所或公安机关委托的乡镇人民政府	县级以上地方人民政府公安机关;公安派出所	县、市公安局、公安分局或者相当于县一级的公安机关;公安派出所	C
单选题	158	如果当事人对治安管理处罚决定不服,下列表述正确的是(),只能向人民法院提起行政诉讼,只能依法申请行政复议,必须先向上一级公安机关提出行政复议	不服行政复议决定的	才可以在法定期限内向当地人民法院提起行政诉讼	既可以依法申请复议	也可以直接向法院提起行政诉讼	D
单选题	159	根据《治安管理处罚法》的规定,对被决定给予行政拘留处罚的人的执行方式表述正确的有()	由被处罚人自行到拘留所接受处罚	由作出决定的公安机关将被处罚人送达拘留所执行	由作出决定的公安机关将被处罚人送交看守所执行	期限少于二日的可在候问室执行	B
单选题	160	人民警察询问被侵害人或者其他证人,()	可以到其所在单位或者住处进行	必须到其所在单位进行	应当到其单位或者住所进行	应当通知其到公安机关提供证言	A
单选题	161	下列情形中,不适用治安管理处罚的是(),甲醉酒后无故砸毁街道边的路灯(价值四百元)	乙因为纠纷把邻居家的房门损毁(价值五百元)	丙不顾他人的反对	经常给他人发送黄色短信	丁在家观看淫秽录像	D
单选题	162	严某因琐事被邻居包某殴打住院、一部手机被毁｡对于严某被毁的手机和医疗费用,公安机关做法正确的是(),进行调解,调解不成,依法裁决,属于双方私事,让其自己解决,公安机关不介入民事纠纷	让其通过法院解决	进行调解	调解不成	让其通过法院解决	D
单选题	163	2026年1月15日,外籍人士汤姆(Tom)在某酒吧内因琐事故意殴打他人,致轻微伤｡公安机关决定对其处以行政拘留十日,并附加适用()	罚金	限期出境	吊销许可证件	吊销护照	B
单选题	164	刘某因对公司领导谢某调整其工作岗位不满,在网上谩骂谢某及其家人,言语恶毒｡下列对刘某行为定性正确的是()	侮辱	诽谤	诬告陷害	扰乱公共秩序	A
单选题	165	民警询问梁某,其辩称种植罂粟是用来做菜吃,对治疗胃痛和拉肚子都很好,自己只种了很少一点自用,并未打算售卖,梁某的种植行为属于()	刑事犯罪	治安违法	民事违法	不构成违法犯罪	B
单选题	166	白某听说罂粟壳熬水喂食肉鸡可防其生病,遂在菜地种植罂栗400株,后得知种罂栗是违法犯罪行为,于是在成熟前自行全部铲除,关于对白某的处理,下列说法正确的是()	应当追究刑事责任	应当予以治安处罚	可以依法从轻处罚	应当依法不予处罚	D
单选题	167	下列属于寻衅滋事违法行为的是(),主播张某在直播时多次无故追逐、拦截街上穿着时尚的美女,残疾人王某在十字路口以敲打过往车辆车窗的方式进行乞讨	员工关某因对上司陆某安排的工作不满	在车间内对其多次辱骂	无业人员夏某以找人砸店威胁水果店主	向其索要二百元	A
单选题	168	以下不属于《治安管理处罚法》明确规定针对特定人员或组织可以责令其六个月至一年不得从事特定活动、会见特定人员或者前往特定场所的(),大型群众性活动球迷扰乱活动秩序的,大型群众性活动承办者承办活动有治安危险	经责令改正未改正的	滋扰、纠缠他人	干扰他人正常生活的	吸食、注射毒品的	C
单选题	169	口头传唤的时候,人民警察应当出示()	工作证件	执法证件	人民警察证	传唤证	C
单选题	170	以下关于《治安管理处罚法》说法正确的是(),人身检查,应当经过县以上公安机关负责人批准,提取生物样本,应当经过县以上公安机关负责人批准	提取生物样本	应当征得被侵害人同意	提取生物样本	应当征得违法嫌疑人同意	C
单选题	171	根据《治安管理处罚法》关于检查的规定,下列说法正确的有()	应当由两名以上民警进行检查	应当出示工作证和检查证	不得检查妇女的身体	不能当场检查	A
单选题	172	以下关于《治安管理处罚法》说法正确的是(),被处以行政拘留,应交付看守所执行,拘留期限届满,拘留决定机关发放解除拘留证明书,被决定给予行政拘留处罚的人	在异地被抓获	经过拘留决定机关批准	可以异地执行	行政拘留合并执行的期限最长20天	D
单选题	173	受到罚款处罚的当事人,应在收到处罚决定书之日起()缴纳罚款	五日	十日	十五日	三十日	C
单选题	174	治安管理处罚的种类不包括()	警告	罚款	行政拘留	拘役	D
单选题	175	根据《治安管理处罚法》的规定,下列可以收缴的为()	违法所得	违反治安管理所得的财物	赌具	直接用于实施违反治安管理行为的工具	C
单选题	176	根据《治安管理处罚法》的规定,下列可以收缴的为()	违法所得	违反治安管理所得的财物	赌资	直接用于实施违反治安管理行为的工具	C
单选题	177	不满十四周岁的人违反治安管理,不予处罚的案件,如有直接用于实施违反治安管理行为的本人所有的工具,()	应当追缴	不予追缴	应当收缴	不予收缴	C
单选题	178	根据《治安管理处罚法》的规定,下面的表述正确的是(),对违反治安管理所得财物,一律应当收缴	对不属于违反治安管理行为人所有的用于实施违法行为的工具	也应当收缴	对有关人体生理、医学知识的科学著作也应当作为淫秽物品进行收缴	对赌具、赌资应当收缴	D
单选题	179	《治安管理处罚法》规定,办理治安案件所查获的()用于实施违反治安管理行为的本人所有的工具,应当收缴,按照规定处理	直接	间接	所有	借用	A
单选题	180	因不足责任年龄违反治安管理,不予处罚的,如有违法所得的,()	应当追缴	不予追缴	应当收缴	不予收缴	A
单选题	181	根据《治安管理处罚法》及有关解释规定,违反治安管理行为超过追究时效,不再处罚,如有违禁品的,()	应当追缴	应当收缴	不予追缴	不予收缴	B
单选题	182	不满()周岁的人违反治安管理的,不予处罚,但是应当责令其监护人严加管教	十四	十六	十八	十	A
单选题	183	不满十四周岁的人违反治安管理的()	不予处罚	从轻处罚	减轻处罚	免予处罚	A
单选题	184	根据《治安管理处罚法》的规定,二人以上共同违反治安管理的,应该(),根据违反治安管理行为人在违反治安管理行为中所起的作用,分别处罚	对主犯从重处罚	对从犯从轻处罚	分别裁决	合并执行	A
单选题	185	对二人以上共同实施违反治安管理行为的责任,《治安管理处罚法》规定(),按照相同尺度予以处罚	根据违反治安管理行为人在违反治安管理行为中所起的作用	分别处罚	只追究策划、指挥、领导者的责任	一律从重处罚	B
单选题	186	共同违反治安管理的,根据违反治安管理行为人(),分别处罚	在违反治安管理行为中所起的作用	行为的情节严重性	造成的损害后果	主观心态	A
单选题	187	《治安管理处罚法》中“教唆”的方式()	只能采取明示的方式	只能采取暗示的方式	可以采取明示或暗示的方式	以上答案都不对	C
单选题	188	共同违反治安管理的,根据违反治安管理行为人(),分别处罚	年龄大小	在违反治安管理行为中所起的作用	是否亲自实施违反治安管理行为	在违反治安管理中所使用的手段	B
单选题	189	公安机关及其人民警察对治安案件的调查,应当依法进行｡严禁通过刑讯逼供等非法手段收集证据｡通过下列哪些手段收集的证据不得作为处罚的根据①威胁;②引诱;③欺骗;④感化｡()	①②③	①②④	①③④	②③④	A
单选题	190	在回避决定作出前,治安案件办案人员()停止案件调查	不应	应当	可以	暂时	A
单选题	191	在办理治安案件过程中,公安机关负责人的回避,由()决定	其所属的公安机关	其所属的公安机关的上一级公安机关	其所属的公安机关的同级人民政府	其所属的公安机关领导班子集体决定	B
单选题	192	公安机关负责人、办案人民警察在回避决定作出之前进行的与案件有关的活动()	有效	无效	由承办案件的公安机关审查后决定是否有效	由作出回避决定的公安机关根据案件情况决定是否有效	D
单选题	193	人民警察在办理治安案件过程中,下列不属于法定回避情形的是(),是本案当事人或者当事人的近亲属的	与本案当事人或者当事人的近亲属认识的	本人或者近亲属与本案有利害关系的	与本案当事人有其他关系	可能影响案件公正处理的	B
单选题	194	需要传唤违反治安管理行为人到公安机关接受调查的,经()批准,使用()传唤,派出所负责人,传票,公安机关办案部门负责人,传唤证	县级以上公安机关负责人	传票	上一级公安机关负责人	传唤证	B
单选题	195	对现场发现的违反治安管理行为人,人民警察经出示人民警察证,可以口头传唤,但应当()	报所属公安机关备案	向所属公安机关负责人报告	在传唤证上注明	在询问笔录中注明	D
单选题	196	根据《治安管理处罚法》的规定,下列关于传唤的说法中错误的是()	传唤证由办案部门负责人审批	口头传唤不必出示传唤证	口头传唤后应当补办传唤证	口头传唤应当在询问笔录中注明	C
单选题	197	对违反治安管理行为人进行传唤的,公安机关应当及时将传唤的原因和处所通知()	被传唤人所在单位或家属	被传唤人家属	被传唤人所在地的居(村)民委员会	被传唤人所在地的公安派出所或家属	B
单选题	198	对违反治安管理行为人,公安机关传唤后应当及时询问查证,询问查证时间最长不超过()	六小时	八小时	十二小时	二十四小时	D
单选题	199	下列关于询问查证说法错误的是(),对违反治安管理行为人,公安机关传唤后应当及时询问查证	询问查证的时间最长不超过三十六小时	一般情况下	公安机关询问查证的时间不超过八小时	公安机关应当及时将传唤的原因和处所通知被传唤人家属	B
单选题	200	根据《治安管理处罚法》的规定,人民警察询问被侵害人或者其他证人,正确的做法是(),应当到其所在单位或者住处进行	应当通知其到公安机关提供证言	可以在案件调查人员选定的地点进行或者到其所在单位、住处进行	可以在其所在单位、住处进行;必要时	也可以通知其到公安机关提供证言	D
单选题	201	人民警察询问(),可以到其所在单位或者住处进行;必要时,也可以通知其到公安机关提供证言	违反治安管理的行为人	违法嫌疑人	不满十六周岁的违反治安管理行为人	被侵害人或者其他证人	D
单选题	202	在公安机关调查取证过程中对拒不提供证据的知情人或其他证人,(),采取强制措施	进行传唤	给予治安管理处罚	积极说服、教育	使其配合公安机关调查取证	D
单选题	203	询问不通晓当地通用的语言文字的违反治安管理行为人、被侵害人或者证人,应当配备()	翻译工具	通晓手语的人	翻译人员	通晓被询问人语言文字的民警	C
单选题	204	下列关于检查说法正确的是(),公安机关有权检查与违反治安管理行为有关的人身和物品,对公民的住所无权检查,实施检查的人民警察不得少于二人	但紧急情况也可以由一名人民警察实施检查	检查的情况应当制作检查笔录	被检查人拒绝在检查笔录上签名的	人民警察可以代其签名	C
单选题	205	检查的情况应当制作笔录,由()签名或者盖章	检查人、被检查人和见证人	检查人和被检查人	检查人和见证人	检查人、被检查人或者见证人	A
单选题	206	对扣押的物品,应当会同在场的见证人和被扣押物品持有人查点清楚,当场开列清单一式二份,一份交给持有人,另一份()	交给见证人	由办案民警保存	附卷备查	交公安机关档案部门保管	C
单选题	207	为了查明案情,需要解决案件中有争议的专门性问题的,应当()	指派或者聘请具有专门知识的人员进行鉴定	由办案部门组织本部门人员进行集体鉴定	由办案部门负责人进行鉴定	由法制部门进行鉴定	A
单选题	208	违法行为人被决定行政拘留,下列哪些情形应当在行政拘留期限内予以折抵()	因同一行为被传唤的时间	因同一行为被刑事拘留的时间	因同一行为被继续盘问的时间	因同一行为被取保候审的时间	B
单选题	209	公安机关作出治安管理处罚决定前,应当告知违反治安管理行为人(),并告知违反治安管理行为人依法享有的权利	作出治安管理处罚的内容及事实、理由及依据	作出治安管理处罚的具体法律依据	作出治安管理处罚的事实和理由	作出治安管理处罚的理由	A
单选题	210	根据《治安管理处罚法》的规定,下列说法错误的是(),公安机关对违反治安管理行为人提出的事实、理由和证据,应当进行复核,公安机关不得因违反治安管理行为人的陈述、申辩而加重处罚	违反治安管理行为人提出的事实成立的	公安机关应当采纳	有时间有条件的	公安机关可以适当听取违反治安管理行为人的意见	D
单选题	211	治安案件调查结束后,公安机关对(),作出不予处罚的决定,依法不予处罚的,或者违法事实不能成立的	违法行为已涉嫌犯罪的	发现违反治安管理行为人有其他违法行为的	确有违反治安管理的行为	但不满十六周岁的	A
单选题	212	治安案件调查结束后,违法行为已涉嫌犯罪的,公安机关应当()	依法不予治安管理处罚	作出治安管理处罚的决定	通知有关主管部门处理	移送主管机关依法追究刑事责任	D
单选题	213	公安机关作出治安管理处罚决定的，应当制作治安管理处罚决定书。决定书除应当载明法定内容外还应当加盖()	案件调查人员印章	作出处罚决定的公安机关负责人印章	办案部门负责人印章	作出处罚决定的公安机关印章	D
单选题	214	某市公安局某区分局一派出所办理一起其处罚权限内的治安案件，由于案情复杂，无法在30日内结案，派出所欲延长办案期限，应当经()批准	市公安局	区公安分局	市公安局法制科	区人民检察院	B
单选题	215	因违反治安管理行为人逃跑等客观原因造成案件不能在法定期限内办结的，公安机关应当()	继续进行调查取证	不再进行调查取证	暂停进行调查取证	中止调查取证	A
单选题	216	被处罚人对治安管理处罚决定不服的，可以依法()	申请行政裁决	申请行政复议或者提起行政诉讼	申请行政仲裁	申请行政仲裁或提起行政诉讼	B
单选题	217	根据《治安管理处罚法》的规定，下列表述错误的是()	被处罚人和被侵害人都有权申请行政复议，但被侵害人无权提起行政诉讼	被处罚人申请行政复议的，被侵害人可以作为复议案件的第三人	被处罚人有权在行政复议和行政诉讼之间自由选择	被处罚人提起行政诉讼应当符合法律的规定	A
单选题	218	公安机关的哪些行为不属于行政复议范围()	警告	治安调解	行政拘留	吊销公安机关发放的许可证件	B
单选题	219	受到罚款处罚的人应当自收到处罚决定书之日起十五日内，到()缴纳罚款	作出治安管理处罚决定的公安机关指定的银行	作出治安管理处罚决定的公安机关的同级人民政府	作出治安管理处罚决定的公安机关的同级人民政府的财务部门		B
单选题	220	根据《治安管理处罚法》的规定，下列关于罚款的执行原则表述正确的是()	罚款的执行由公安机关实施	被处五十元罚款，人民警察应当当场收缴	在交通不便地区应当实行当场收缴	受到罚款处罚的人应当自收到处罚决定书之日起十五日内到指定的银行缴纳罚款	D
单选题	221	根据《治安管理处罚法》的规定，下列属于应当收缴的选项是()	赌博行为人在实施赌博行为的过程中偶然使用的交通工具、通讯工具	违反治安管理行为人借来的工具	违反治安管理行为人偷来的工具	注射毒品的用具	D
单选题	222	《治安管理处罚法》对一人实施数种违反治安管理行为追究责任遵循的是()	分别决定，合并执行	择一原则	限制加重原则	吸收原则	A
单选题	223	根据《治安管理处罚法》的规定，下面说法正确的是()	醉酒的人在醉酒状态中，对本人有危险或者对他人的安全有威胁的，应当将其拘留到酒醒	公安派出所可以决定警告、罚款	对数种违反治安管理行为进行并罚时，执行拘留期限也不可以超过十五日	实施了违反治安管理行为，主动消除或减轻违法后果并取得被侵害人谅解的，从轻、减轻处罚或者不予处罚	D
单选题	224	根据治安管理处罚法的规定，下列应当收缴的为()	违法所得	违反治安管理所得的财物	直接用于殴打他人的本人所有的工具	直接用于实施违反治安管理行为的工具	C
单选题	225	根据治安管理处罚法的规定，下列物品中，公安机关应当追缴的是()	管制刀具	违反治安管理所得的财物	毒品	用于实施违反治安管理行为的他人的工具	B
单选题	226	根据《治安管理处罚法》的规定，公安机关办理治安案件时，可以对()予以追缴	吸毒用具	盗窃时用于撬门的工具	卖淫的收入	用于实施违反治安管理行为的他人的工具	C
单选题	227	受到罚款处罚的人应当自收到处罚决定书之日起十五日内，到()缴纳罚款	作出治安管理处罚决定的公安机关指定的银行	作出治安管理处罚决定的公安机关的同级人民政府	作出治安管理处罚决定的公安机关的同级人民政府的财务部门		B
单选题	228	根据《治安管理处罚法》的规定，下列关于罚款的执行原则表述正确的是()	罚款的执行由公安机关实施	被处五十元罚款，人民警察应当当场收缴	在交通不便地区应当实行当场收缴	受到罚款处罚的人应当自收到处罚决定书之日起十五日内到指定的银行缴纳罚款	D
单选题	229	根据《治安管理处罚法》的规定，下列属于应当收缴的选项是()	赌博行为人在实施赌博行为的过程中偶然使用的交通工具、通讯工具	违反治安管理行为人借来的工具	违反治安管理行为人偷来的工具	注射毒品的用具	D
单选题	230	《治安管理处罚法》对一人实施数种违反治安管理行为追究责任遵循的是()	分别决定，合并执行	择一原则	限制加重原则	吸收原则	A
单选题	231	根据《治安管理处罚法》的规定，下面说法正确的是()	实施了违反治安管理行为，主动消除或减轻违法后果并取得被侵害人谅解的，从轻、减轻处罚或者不予处罚	醉酒的人在醉酒状态中，对本人有危险或者对他人的安全有威胁的，应当将其拘留到酒醒	对数种违反治安管理行为进行并罚时，执行拘留期限也不可以超过十五日	公安派出所可以决定警告、罚款	D
单选题	232	根据治安管理处罚法的规定，下列应当收缴的为()	违法所得	违反治安管理所得的财物	直接用于实施违反治安管理行为的工具	直接用于殴打他人的本人所有的工具	C
单选题	233	根据治安管理处罚法的规定，下列物品中，公安机关应当追缴的是()	管制刀具	违反治安管理所得的财物	毒品	用于实施违反治安管理行为的他人的工具	B
单选题	234	根据《治安管理处罚法》的规定，公安机关办理治安案件时，可以对()予以追缴	吸毒用具	盗窃时用于撬门的工具	卖淫的收入	用于实施违反治安管理行为的他人的工具	C
多选题	1	齐某因其子在幼儿园被同学小张(5岁)打伤头部，齐某及其妻到张家理论。交涉过程中齐某忽然爆发，一巴掌将小张打翻在地。小张爷爷张某(72岁)见状气愤不已，拿塑料凳将齐某打伤。后张某报警，经鉴定，双方均为轻微伤。关于双方行为的定性以下说法正确的有()	齐某的行为构成殴打他人违法行为	齐某的行为构成非法侵入住宅违法行为	张某构成殴打他人违法行为	齐某进入张某家中率先动手打人，张某的行为属于正当防卫	AC
多选题	2	赵某多次诱骗17岁的少女李某表演“脱衣舞”牟利，李某的行为如构成违法，可以如何处理()	免除处罚	不予处罚	处十日以上十五日以下拘留，并处五百元以上一千元以下罚款	减轻处罚	BD
多选题	3	以下关于《治安管理处罚法》说法正确的是()	公安机关实施调查取证工作时，不得少于两名民警	进行询问、扣押、辨认活动，则可以由一名民警进行	进行调解的，可以由一名民警进行	一名民警进行询问、扣押、辨认、调解的，可以全程同步录音录像	AC
多选题	4	以下关于《治安管理处罚法》说法正确的是()	派出所的处罚权限为警告与五百元以下罚款	前期的强制传唤期限可以折抵后期的拘留期限	“零口供”可以定案	只有“口供”不可以定案	CD
多选题	5	根据《治安管理处罚法》，以下程序应当全程录音录像的有()	由一名人民警察在执法办案场所履行询问、扣押、辨认等调查程序	由一名人民警察当场作出处罚决定	视频系统远程询问的询问与宣告过程	无检查证，确有必要立即检查的，经出示人民警察证，当场检查	ABCD
多选题	6	以下可以申请行政拘留暂缓执行的是()	被处罚人不服行政拘留处罚决定，申请行政复议、提起行政诉讼的	遇有参加升学考试	遇有子女出生或者近亲属病危、死亡	遇有重大自然灾害	ABC
多选题	7	以下关于行政拘留暂缓执行说法错误的是()	申请行政拘留暂缓执行应当提供担保人和保证金	行政拘留暂缓执行的保证金由公安机关根据案件性质综合判定	行政拘留暂缓执行的保证人应当在当地有固定户口与稳定收入	担保人应当保证被担保人不逃避行政拘留处罚的执行	ABC
多选题	8	公安机关收取的保证金应当退还的情形有()	暂缓行政拘留或者出所后，逃避行政拘留处罚执行	行政拘留的处罚决定被撤销	行政拘留处罚开始执行	出所后继续执行的	BCD
多选题	9	《治安管理处罚法》新增的扰乱公共秩序行为包括()	组织、领导传销活动	侮辱英雄烈士姓名、肖像	考试作弊	高空抛物	ABC
多选题	10	可以暂缓执行行政拘留的情形有()	参加升学考试	子女出生	近亲属病危或死亡	本人患有严重疾病	ABC
多选题	11	娱乐场所经营者的法定义务有()	信息登记	安全防范	禁止组织有偿陪侍	配合执法检查	ABCD
多选题	12	《治安管理处罚法》中加强执法监督的规定包括()	执法全程录音录像	规范“一人执法”	完善法制审核	明确执法证件要求	ABCD
多选题	13	当事人对治安管理处罚决定不服的，《治安管理处罚法》规定的救济途径包括()	申请行政复议	直接提起行政诉讼	向作出处罚决定的公安机关申诉	向上一级公安机关申请复核	AB
多选题	14	《治安管理处罚法》规定，可以减轻或者不予处罚的情形有()	取得被侵害人谅解	出于他人胁迫或者诱骗实施违法行为	主动投案，向公安机关如实陈述自己的违法行为	有立功表现	ABCD
多选题	15	违反治安管理有下列情形之一的，从轻、减轻或者不予处罚()	情节轻微的	主动消除或者减轻违法后果的	取得被侵害人谅解的	出于他人胁迫或者诱骗的	ABCD
多选题	16	下列哪些行为属于《治安管理处罚法》新增的应当给予治安处罚的情形()	赵某在网络平台编造“学校食堂致学生集体中毒”的虚假信息，引发家长恐慌	钱某未对饲养的烈性犬采取安全措施，导致犬只咬伤路人	孙某从10楼抛掷生活垃圾，未造成人员伤亡但危害公共安全	李某未经申报在机场净空区操控无人机飞行	ABCD
多选题	17	张某存在以下行为，根据《治安管理处罚法》应当从重处罚的有()	教唆十四岁的王某在商场内盗窃他人财物	因邻居举报其高空抛物，对举报人进行辱骂报复	在重大庆典活动期间，在现场散布虚假险情信息	传播涉及未成年人的淫秽视频	ABD
多选题	18	派出所可以自行作出的行政处罚种类有()	警告	一千元以下罚款	行政拘留	吊销公安机关发放的许可证件	AB
多选题	19	《治安管理处罚法》关于办理治安案件的原则包括()	以事实为依据，过罚相当	公开、公正，尊重和保障人权	坚持教育与处罚相结合	效率优先，简化程序	ABC
多选题	20	孙某(17岁)和同学李某(15岁)共同盗窃了一辆自行车。关于此案的处理，下列说法符合《治安管理处罚法》规定的有()	对孙某应当从轻或减轻处罚	对李某应当不予处罚，但应责令其监护人严加管教	若对孙某处以行政拘留，必须执行	对二人应根据在行为中所起的作用分别处罚	AD
多选题	21	公安机关对违反治安管理的行为进行处罚，应当遵循的原则是()	以事实为依据，与违反治安管理行为的性质、情节以及社会危害程度相当原则	公正、公开原则	尊重和保障人权，保护公民的人格尊严原则	教育与处罚相结合原则	ABCD
多选题	22	对于因民间纠纷引起的下列哪些违反治安管理行为，情节较轻的，公安机关可以调解处理()	侮辱	制造噪声干扰他人	故意损毁他人财物	诬告陷害	ABCD
多选题	23	对于因民间纠纷引起的下列哪些违反治安管理行为，情节较轻的，公安机关可以调解处理()	故意伤害	侮辱	故意损毁他人财物	偷开他人机动车	ABCD
多选题	24	违反治安管理从重处罚的情形包括()	有较严重后果的	教唆、胁迫、诱骗他人违反治安管理的	对报案人、控告人、举报人、证人打击报复的	一年内曾受过治安管理处罚的	ABCD
多选题	25	对违反治安管理的行为人，询问查证的时间可以延长到二十四小时必须同时具备的条件是()	情况复杂	依照《治安管理处罚法》的规定，可能适用行政拘留处罚的	经上一级公安机关批准	违反治安管理行为人最终被处以行政拘留处罚的	AB
多选题	26	治安管理处罚由县级以上人民政府公安机关决定，其中()可以由公安派出所决定	警告	吊销公安机关颁发的许可证件	五百元以下的罚款	一千元以下的罚款	AD
多选题	27	公安派出所可以做出下列()治安管理处罚决定	警告	行政拘留	五百元以下罚款	一千元以下罚款	ACD
多选题	28	根据《治安管理处罚法》的规定，违反治安管理行为事实清楚，证据确凿，处()的，可以适用当场处罚	五百元以下罚款	二百元以下罚款	警告	吊销许可证件	ABC
多选题	29	下列关于行政拘留暂缓执行说法错误的有()	被处罚人不服行政拘留处罚决定，在拘留执行前可以申请行政复议	被处罚人的近亲属可以提出符合法律规定条件的担保人	被处罚人应当按每日行政拘留五百元的标准交纳保证金	被处罚人应当向复议机关提出暂缓执行的申请	CD
多选题	30	根据《治安管理处罚法》的规定，担保人应当符合的条件有()	与本案无牵连	享有政治权利，人身自由未受到限制	在当地有常住户口和固定住所	有能力履行担保义务	ABCD
多选题	31	担保人不履行担保义务，受到公安机关处罚的，担保人依法可以()	申请行政复议	申请不予执行	申请暂缓执行	提起行政诉讼	AD
多选题	32	被决定给予行政拘留处罚的人交纳保证金，暂缓行政拘留后，逃避行政拘留处罚执行的，()	保证金予以收缴	保证金予以没收并上缴国库	已经作出的行政拘留决定仍应执行	已经作出的行政拘留决定不再执行	BC
多选题	33	行为人已经着手实施违反治安管理行为，但由于本人意志以外的原因而未得逞的，公安机关可()	从轻处罚	减轻处罚	不予处罚	从重处罚	ABC
多选题	34	检查妇女的身体，应当由()进行	人民警察	侦查人员	女性工作人员	医师	CD
多选题	35	被处罚人对治安管理处罚决定不服的，可以依法()	要求听证	先申请行政复议，对行政复议不服再提起行政诉讼	申请行政复议或者提起行政诉讼	申请暂缓执行	BC
多选题	36	《治安管理处罚法》适用于下列具有社会危害性，但尚不够刑事处罚的行为()	扰乱公共秩序的行为	妨害公共安全的行为	侵犯人身权利和财产权利的行为	妨害社会管理的行为	ABCD
多选题	37	证人保护措施包括()	不公开证人个人信息	禁止对证人滋扰、威胁	为证人提供安全保护	对违反保护措施的行为予以处罚	ABCD
多选题	38	以下属于侵犯财产权利的行为有()	盗窃	诈骗	哄抢	抢夺	ABCD
多选题	39	可以询问证人的地点是()	现场	证人的住所	证人提出的地点	公安机关	ABCD
多选题	40	需要在检查笔录上签名的人员有()	检查人	被检查人	见证人	被检查人的近亲属	ABC
多选题	41	调解处理治安案件，应当查明事实，并遵循()的原则，注重教育和疏导，促进化解矛盾纠纷	合法	公正	自愿	及时	ABCD
多选题	42	治安管理处罚的种类有()	警告	罚款	行政拘留	吊销公安机关发放的许可证件	ABCD
多选题	43	治安管理处罚的基本原则包括()	公开公正原则	教育与处罚相结合原则	处罚与违法行为相当原则	尊重和保障人权原则	ABCD
多选题	44	下列人员一律不执行行政拘留处罚的有()	怀孕妇女	七十周岁以上老人	哺乳未满一周岁婴儿的妇女	已满十四周岁不满十六周岁的未成年人	AC
多选题	45	下列属于妨碍社会管理的违反治安管理行为的有()	阻碍人民警察依法执行职务	在文物古迹上刻划	吸毒	非法携带管制器具	ABC
多选题	46	下列关于行政拘留的说法正确的有()	最长期限不超过十日	合并执行不超过二十日	属于限制人身自由的处罚	由公安机关执行	BCD
多选题	47	以下哪些属于《治安管理处罚法》规定的治安管理处罚()	罚款	拘留	吊销许可证件	拘役	ABC
多选题	48	公安机关可以采取的执法措施有()	人身检查	采集人体生物样本	扣押涉案物品	强制传唤	ABCD
多选题	49	下列哪些行为属于寻衅滋事的违反治安管理行为()	结伙斗殴	追逐、拦截他人	强拿硬要公私财物	任意损毁、占用公私财物	ABCD
多选题	50	有下列哪些情形之一的，不适用调解处理()	雇凶伤害他人	结伙斗殴或者其他寻衅滋事	多次实施违反治安管理行为	当事人明确表示不愿意调解处理	ABCD
多选题	51	《治安管理处罚法》规定的处罚种类有()	警告	罚款	行政拘留	吊销公安机关发放的许可证件	ABCD
多选题	52	公安机关在办理行政案件中查获的下列物品应当依法予以收缴()	毒品、淫秽物品等违禁品	倒卖的有价票证	吸食、注射毒品的用具	伪造、变造的公文、证件、证明文件、票证、印章	ABCD
多选题	53	根据《治安管理处罚法》的规定，公安机关办理治安案件时，可以对()财物予以收缴	偶尔用于接送赌博行为人的汽车	卖淫的收入	赌具	赌资	CD
多选题	54	下列属于应当追缴的选项是()	盗窃怀孕的母羊，该母羊所生的小羊	卖淫的收入	将盗窃的货币存入银行所产生的利息	淫秽物品	ABC
多选题	55	根据《治安管理处罚法》的规定，对已满十四周岁不满十八周岁的人违反治安管理的，应当()处罚	从轻	减轻	免予	不予	AB
多选题	56	盲人或者又聋又哑的人违反治安管理的，应当如何处罚()	应当从轻处罚	应当减轻处罚	可以从轻处罚或者减轻处罚	可以不予处罚	CD
多选题	57	根据《治安管理处罚法》规定，()违反治安管理的，可以从轻、减轻或者不予处罚	盲人	又聋又哑的人	肢体残疾的人	不满十六岁的人	AB
多选题	58	醉酒的人在醉酒状态中，有哪些情形的应当对其采取保护性措施约束至酒醒()	对本人有危险	对他人的人身、财产有威胁	对公共安全有威胁	呕吐物影响市容	ABC
多选题	59	根据《治安管理处罚法》的规定，对一人有两种以上违反治安管理行为的，应该()	分别决定、合并执行	合并决定、分别执行	合并决定、合并执行	行政拘留处罚合并执行的，最长不超过二十日	AD
多选题	60	根据《治安管理处罚法》的规定，单位违反治安管理的，依照《治安管理处罚法》处罚的是()	直接负责的主管人员	其他直接责任人员	单位	单位法定代表人	AB
多选题	61	对单位违反治安管理，其他()对同一行为规定给予单位处罚的，依照其规定处罚	法律	行政法规	地方性法规	规章	AB
多选题	62	根据《治安管理处罚法》的规定，对()进行打击报复的，应当从重处罚	报案人	控告人	举报人	证人	ABCD
多选题	63	根据《治安管理处罚法》规定，违反治安管理行为有()状态的追究时效从行为终了之日起计算	牵连	吸收	连续	继续	CD
多选题	64	公安机关对()，以及其他行政主管部门、司法机关移送的违反治安管理案件，应当及时受理，并进行登记	报案	控告	举报	违反治安管理行为人主动投案	ABCD
多选题	65	下列哪些属于公安机关应受理的治安案件()	被侵害人控告李某某对其殴打致轻微伤	知情人举报的违法行为人偷窃少量财物的案件	违法行为人主动向公安机关供述其嫖娼的违法行为	检察院移送的治安案件	ABCD
多选题	66	公安机关及其人民警察对治安案件的调查，应当依法进行，严禁刑讯逼供或者采用()等非法手段收集证据	威胁	说服	引诱	欺骗	ACD
多选题	67	公安机关应当将传唤的()告知被传唤人	原因	地点	场所	依据	AD
多选题	68	公安机关传唤违反治安管理行为人后，应当严格遵守以下要求()	及时通知被传唤人所在地的公安机关	及时询问查证	严格遵守法定询问查证时限	及时通知被传唤人家属	BCD
多选题	69	对于被传唤的违法嫌疑人，公安机关应当及时将传唤的下列哪些情况通知被传唤人家属()	原因	时间	事项	处所	AD
多选题	70	检查的情况应当制作检查笔录，并由()签名或者盖章	办案部门负责人	实施检查的人民警察	被检查人	见证人	BCD
多选题	71	下列关于检查说法错误的有()	人民警察经出示工作证件，可以对公民住所立即进行检查	实施检查的人民警察不得少于二人	检查证应当由公安机关办案部门负责人审批	检查妇女的身体，只能由女性人民警察进行	ACD
多选题	72	对扣押的物品，应当会同在场见证人和被扣押物品持有人查点清楚，当场开列清单一式二份，由()签名或者盖章，一份交给持有人，另一份附卷备查	调查人员	办案部门负责人	见证人	持有人	ACD
多选题	73	对扣押的物品，应当会同()查点清楚，依法开列清单	在场见证人	办案部门负责人	被扣押物品持有人	被扣押物品所有人	AC
多选题	74	从办理治安案件的实践来看，下列()属于需要通过鉴定解决的专门性问题	伤情鉴定	价格鉴定	精神病鉴定	毒品尿样检测	ABCD
多选题	75	对治安案件中的精神病鉴定，由()进行	省级人民政府指定的医院	公安机关的安康医院	其他有鉴定精神病资格的医院	法医	ABC
多选题	76	公安机关作出治安管理处罚决定的，应当制作治安管理处罚决定书，决定书应当载明的内容包括()	被处罚人的基本情况	违法的事实和证据	作出治安管理处罚的种类和法律依据	治安管理处罚的执行方式	ABCD
多选题	77	公安机关作出()的治安管理处罚决定前，应当告知违反治安管理行为人有权要求举行听证	吊销许可证件	四千元以上罚款	行政拘留	驱逐出境	AB
多选题	78	公安机关作出()的治安管理处罚决定前，应当告知违反治安管理行为人有权要求举行听证	行政拘留十五日	吊销许可证件	四千元以上罚款	一千元以上罚款	BC
多选题	79	公安机关在作出()前，应当告知违法嫌疑人有要求举行听证的权利	对个人处以四千元以上罚款的治安管理处罚决定	吊销公安机关发放的许可证件	行政拘留治安管理处罚决定	责令停业整顿措施	ABD
多选题	80	除涉及()的行政案件，听证应当公开举行	国家秘密	商业秘密	个人隐私	企业秘密	ABC
多选题	81	下列()行为，不属于《治安管理处罚法》的调整范围	房屋出租人将房屋出租给无身份证件的人居住，或者不按规定登记承租人姓名、身份证件种类和号码	因校园意外伤害行为发生的损害赔偿争议	偷开他人机动车	因合同的履行发生民事争议	CD
多选题	82	下列关于询问的有关规定，正确的有()	询问不满十八周岁的被侵害人或者其他证人，应当通知其父母或者其他监护人到场	被询问人要求就被询问事项自行提供书面材料的，应当准许	被询问人确认笔录无误后，应当签名或者盖章	询问笔录记载有遗漏的，被询问人可以提出补充	ABCD
多选题	83	违反治安管理的行为与犯罪行为的主要区别在()	危害社会的程度不同	违反的法律规范不同	行为的表现形态不同	应受到的处罚不同	ABD
多选题	84	下列行为不属于《治安管理处罚法》调整范围的有()	酒后驾驶机动车辆	偷开他人机动车	因合同的履行发生民事争议	制造噪音干扰他人正常生活	AC
多选题	85	《治安管理处罚法》规定的单位违反治安管理情形中的单位是指()	公司、企业	事业单位	机关	团体	ABCD
多选题	86	行为人自动放弃实施违反治安管理行为或者有效防止违反治安管理行为结果发生的，针对此种情况，公安机关可能作出的处罚有()	从轻处罚	减轻处罚	不予处罚	从重处罚	ABC
多选题	87	违反治安管理有()情形之一的，从重处罚()	有较严重后果的	教唆、胁迫、诱骗他人违反治安管理的	对报案人、控告人、举报人、证人打击报复的	屡教不改的	ABC
多选题	88	曾因实施()的行为被人民法院判处刑罚或者免除刑事处罚的，不属于《治安管理处罚法》第二十三条规定的“初次违反治安管理”的情形	扰乱公共秩序	妨害公共安全	侵犯人身权利、财产权利	妨害社会管理	ABCD
多选题	89	公安机关及其人民警察在办理治安案件时，对下列哪些事项应当予以保密()	国民经济和社会发展中的秘密事项	某汽车生产厂家的专利设计图纸	某公民的日记	某皮鞋生产厂家的销售渠道	ABCD
多选题	90	下列关于办理治安案件传唤、口头传唤、强制传唤的表述哪些是正确的()	口头传唤不必补办传唤证，但强制传唤必须开具传唤证	派出所所长有权批准传唤	传唤需经县级公安机关负责人批准	对证人不可以使用传唤	BD
多选题	91	询问不满十八周岁的()，应当通知其父母或者其他监护人到场	违反治安管理行为人	被侵害人	目击证人	其他证人	ABCD
多选题	92	为保证询问的合法性和证据的有效性，被询问人(不满十八周岁)的父母或者其他监护人不能到场时，公安机关可以邀请()到场	办案地居(村)民委员会的人员	所在学校的教师	被询问人在办案地有完全行为能力的亲友	其他见证人	ABC
多选题	93	人民警察询问被侵害人或其他证人，可以到()进行	被侵害人或其他证人所在单位	被侵害人或其他证人的住处	某市公安局	某公安派出所	ABCD
多选题	94	公安机关对与违反治安管理有关的物品进行检查时，应当出示()	人民警察证	身份证	县级以上人民政府开具的检查证	县级以上人民政府公安机关开具的检查证	AD
多选题	95	对()进行检查时，人民警察经出示人民警察证，可以当场检查，不必出示检查证	公民住所	物品	人身	正在营业的商店	BC
多选题	96	符合公安机关将收取的保证金及时退还交纳人的情形有()	被处罚人逃避行政拘留处罚的执行	担保人履行了担保义务	行政拘留的处罚决定被撤销	行政拘留处罚开始执行	CD
多选题	97	证据的“登记”与证据的“先行登记保存”的区别在于()	法律依据不同	适用对象不同	批准权限不同	处理期限与后果不同	ABCD
多选题	98	公安机关办理治安案件可以采取下列哪些措施()	抽样取证	先行登记保存	扣押	登记	ABCD
多选题	99	下列各项中可以依法作出警告或一千元以下罚款治安管理处罚决定的是	铁路公安派出所	公共交通公安派出所	民航公安派出所	森林公安派出所	ABCD
多选题	100	张三是某著名歌星狂热粉丝，一次该歌星大型演唱会现场张三扰乱该活动秩序。针对以上案情，下列说法正确的是()	若公安机关处以罚款的，可以同时责令其六个月以内不得进入体育场馆、演出场馆观看同类比赛、演出	若公安机关处以拘留的，可以同时责令其一年以内不得进入体育场馆、演出场馆观看同类比赛、演出	在规定期限内，违反规定进入体育场馆、演出场馆的，公安机关有权强行带离现场	在规定期限内，违反规定进入体育场馆、演出场馆的，公安机关有权处五日以下拘留或者一千元以下罚款	BCD
多选题	101	南某与曾某素来不和。一天中午，南某与曾某因公用水池用水问题，发生争执，并相互扭打，被邻居拉开。南某丈夫孙某下班回家，听说妻子与曾某吵架，拉起妻子找到曾某骂架，并捡起过道上一把破菜刀递给妻子南某，说“揍她，砍她，坐牢老子去”。南某乘曾某不备，举起菜刀往曾某背上、头上砍去，造成曾某头部损伤，经鉴定系轻微伤。下面对南某和丈夫孙某处罚的表述正确的是()	只应当对南某进行处罚	对南某和孙某不应当处罚	应当对南某和孙某一同处罚	孙某是教唆行为，对此行为应当同南某的行为一并处罚	CD
多选题	102	崔某因介绍他人卖淫，被公安机关处以十五日行政拘留。崔某不服该处罚决定，申请行政复议后，提出担保人，申请暂缓执行行政拘留。在其提出的如下担保人中，不符合法律规定条件的是()	石某，也系本案涉嫌介绍卖淫人	林某，当地个体户，月收入三千元以上，曾因故意伤害罪被判处五年有期徒刑，两年前刑满释放	齐某，当地居民，月收入五千元以上，现因涉嫌暴力干涉婚姻自由罪被监视居住	马某，崔某母亲，已取得日本国籍，现回国投资，在当地有固定住所	ACD
多选题	103	根据《治安管理处罚法》的规定，下列违法行为法定可以从轻处罚的有()	醉酒的张某故意损毁他人财物	聋哑人王某携带匕首乘坐地铁	有违法前科的赵某(17岁)盗窃电动自行车(价值四百元)	网瘾性精神病人高某，在精神正常时敲诈勒索他人三百元	BC
多选题	104	以下关于《治安管理处罚法》从宽处理说法错误的是()	情节特别轻微的，才能从宽处理	主动消除或者减轻违法后果，并取得被侵害人谅解的，才能从宽处理	被他人胁迫实施违法行为，能从宽处理	被他人诱骗实施违法行为，能从宽处理	ABCD
多选题	105	以下关于《治安管理处罚法》从重处理说法正确的是()	只有教唆未成年，才应当从重处罚	诱骗他人违反治安管理的，应当从重处罚	打击报复报案人的，应当从重处罚	一年以内曾受过治安管理处罚的，应当从重处罚	BCD
多选题	106	以下构成治安违法案件的是()	组织传销活动的	参与传销活动的	多次参与传销活动的	在公共场所佩戴纳粹标志的	AD
多选题	107	以下属于妨害公共安全违法行为的是()	有关危害计算机系统安全的	抢夺方向盘造成特别严重后果的	高空抛物，造成一定社会危险的	违规飞行“无人机”的	BCD
多选题	108	以下关于《治安管理处罚法》中涉及个人隐私、个人信息有关违法行为说法正确的是()	违规向他人提供个人信息属于治安违法	违规购买个人信息属于治安违法	私自开拆他人信件属于治安违法	毁弃他人信件，未造成较重后果的，询问查证的时间一般不得超过八小时	ABCD
多选题	109	以下属于侵犯人身、财产权利的违法行为的是()	组织未成年从事有偿陪侍	引诱他人卖淫	组织作弊	窃取公民个人信息	AD
多选题	110	以下关于《治安管理处罚法》说法错误的是()	旅馆业从业人员为其场所内的黄赌毒活动通风报信的，公安机关有权责令其停业整顿十五日至三十日	违规产生生活噪声的，公安机关有权直接予以治安处罚	放任动物恐吓他人的违法嫌疑人，传唤询问的时间不得超过二十四小时	违规饲养烈性犬，公安机关可以直接依法行使拘留或者罚款等职权	ABD
多选题	111	以下属于妨害社会管理的违法行为的()	拒不执行禁止家庭暴力告诫书的	替考的	违规飞行无人机的	违规饲养烈性犬的	AD
多选题	112	公安机关及其人民警察在办理治安案件时，应当予以保密的有()	国家秘密	商业秘密	个人隐私	个人信息	ABCD
多选题	113	治安处罚决定程序中可以由一名民警作出的条件有()	符合当场处罚条件	被处罚人对一名民警作出处罚决定没有异议	被侵害人对一名民警作出处罚决定没有异议	应当全程同步录音录像	ABD
多选题	114	以下关于治安管理执法监督说法错误的是()	公安机关及其人民警察办理治安案件，不严格执法或者有违法违纪行为的，任何单位和个人都有权检举、控告	发现被处罚人是公职人员，需要给予政务处分的，应当依照有关规定及时通报公安机关等有关单位	收缴的罚款应当全部上缴国库，重点作为公安机关经费保障	只有对违反治安管理时不满十八周岁的违法行为人，违反治安管理的记录应当予以封存	BCD
多选题	115	属于《治安管理处罚法》中，新增属于妨害公共安全的违法行为有()	无人机“黑飞”	升放携带明火的升空物体	治安保卫重点单位拒不整改治安隐患	抢控公共交通工具驾驶操纵装置	ABCD
多选题	116	“一人执法”的适用情形包括()	当场处罚	调解简单治安纠纷	异地远程视频询问	强制传唤	AB
多选题	117	《治安管理处罚法》中罚款幅度调整的原则是()	适当提高	区分不同违法行为设置梯度	情节严重的可并处高额罚款	取消部分轻微行为的罚款	ABC
多选题	118	学校在学生欺凌治理中的义务有()	及时报告严重学生欺凌事件	配合公安机关调查	对欺凌者进行矫治教育	保护受害学生隐私	ABD
多选题	119	《治安管理处罚法》新增或完善的执法程序有()	当场扣押全程同步	明确执法证件为人	异地询问可采取远程	完善强制传唤程序	ABCD
多选题	120	从重处罚的情形包括()	一年内受过治安管理处罚的	组织他人实施违反治安管理行为的	胁迫、诱骗他人实施违反治安管理行为的	对报案人、控告人、举报人、证人打击报复的	ABCD
多选题	121	快速办理治安案件的适用条件有()	事实清楚	证据确凿	行为人自愿认错认罚	行为人同意快速办理	ABCD
多选题	122	《治安管理处罚法》中新增的矫治教育适用对象有()	实施学生欺凌的未成年人	多次违反治安管理的未成年人	虐待幼老病残人员的成年人	组织传销活动的首要分子	AB
多选题	123	下列情形中，当事人有权要求听证的有()	16岁的陈某因打架斗殴拟执行行政拘留	赵某(男，19岁)因多次纠缠、跟踪刘某(女，18岁)拟被予以行政拘留五日，并处一千元罚款	张某因网络造谣拟罚款五千元	李某在其经营的歌厅因组织未成年人有偿陪侍拟责令停业整顿	ACD
多选题	124	根据《治安管理处罚法》，下列哪些情形可以从轻、减轻或者不予处罚()	情节轻微的	出于他人诱骗的	主动投案，向公安机关如实陈述自己违法行为的	醉酒的人违反治安管理的	ABC
多选题	125	《治安管理处罚法》对以下哪些新型社会问题作出了针对性的规定()	高空抛物	无人机“黑飞”	抢夺公交车方向盘	动物伤人	ABCD
多选题	126	下列关于当场处罚说法正确的有()	违反治安管理行为事实清楚、证据确凿，处警告或者五百元以下罚款处罚的，可以当场作出治安管理处罚决定	处罚决定书应当载明处罚的依据，并由经办的人民警察签名或者盖章	被处罚人对当场处罚不服的，有权申请行政复议或者提起行政诉讼	当场处罚，经办的人民警察应当在二十四小时内报所属的公安机关备案	ABCD
多选题	127	下列有关办案民警当场收缴罚款的说法正确的是()	应当自收缴罚款之日起二日内，将当场收缴的罚款交至其所属公安机关	在水上当场收缴的罚款，应当自抵岸之日起二日内将当场收缴的罚款交至其所属公安机关	在旅客列车上当场收缴的罚款，应当自返回之日起二日内将当场收缴的罚款交至其所属公安机关	公安机关应当自收到罚款之日起七日内将罚款缴付指定的银行	ABC
多选题	128	2026年5月5日，王某因殴打他人被公安机关处以行政拘留七日的处罚，同时并处五百元罚款。王某认错认罚，主动赔偿受害人损失，取得受害人谅解。对王某的处罚可以()	减轻处罚，改为行政拘留三日，罚款三百元	不予处罚	加重处罚，改为行政拘留十日，罚款八百元	维持原处罚，不得变更	AB
多选题	129	公安派出所可直接作出的治安管理处罚是()	行政拘留五日	罚款八百元	警告	吊销许可证件	BC
多选题	130	对于下列哪种处罚，只要违反治安管理的行为事实清楚，证据确凿，可以当场作出治安管理处罚决定()	警告或者三百元以下罚款	吊销许可证件	警告或者二百元以下罚款	五百元以下罚款	ACD
多选题	131	人民警察在办理治安案件过程中，需要回避的情形是()	是本案的当事人或者是当事人的近亲属的	本人或者其近亲属与本案有利害关系的	与本案有关系的	与本案当事人有其他关系，可能影响案件公正处理的	ABD
多选题	132	办理治安案件过程中，民警遇有下列哪些情形的，当事人有权要求回避。()	是本案当事人或者当事人的近亲属	本人或者其近亲属与本案有利害关系	与本案当事人有其他关系，可能影响案件公正处理的	当事人对民警不信任的	ABC
多选题	133	下列关于回避的决定说法正确的有()	公安机关负责人的回避由同级人民政府决定	人民警察的回避由上级公安机关决定	公安机关负责人的回避由上一级公安机关决定	人民警察的回避由其所属的公安机关决定	CD
多选题	134	下列有关办案民警回避的说法，符合法律规定的是()	遇有法定回避情形的，人民警察应当自行回避	违反治安管理行为人、被侵害人及其法定代理人有权申请办案民警回避	人民警察的回避，由其所属的公安机关决定	公安机关负责人的回避，由同级人民检察院决定	ABC
多选题	135	公安机关适用强制传唤的前提条件有()	无正当理由不接受传唤	无正当理由逃避传唤	违反治安管理行为人不详	违反治安管理行为人突发急病、生命垂危而不接受传唤	AB
多选题	136	下列关于询问查证的说法正确的有()	对违反治安管理行为人，公安机关传唤后应当及时询问查证，询问查证的时间不得超过八小时；涉案人数众多、违反治安管理行为人身份不明的，询问查证时间不得超过十二小时	情况复杂，依照《治安管理处罚法》规定可能适用行政拘留处罚的，询问查证的时间不得超过二十四小时	公安机关应当及时将传唤的原因和处所通知被传唤人家属	询问不满十八周岁的违反治安管理行为人，应当通知其父母或者其他监护人到场	ABCD
多选题	137	下列关于治安管理处罚的表述正确的是()	治安管理处罚必须以事实为依据，与违反治安管理行为的性质、情节以及社会危害程度相当	实施治安管理处罚应当依照法定程序进行	实施治安管理处罚应有法律依据，法律没有规定治安管理处罚的，不予处罚	实施治安管理处罚，应当公开、公正，尊重和保障人权，保护公民的人格尊严	ABCD
多选题	138	下列关于治安管理处罚的公开原则表述正确的是()	对违法行为实施治安管理处罚的法律规定要公开	公安机关办理治安案件的程序要公开	依法应当举行听证的，都必须公开举行，允许群众旁听	违反治安管理的记录应当予以封存，一律不得公开。	AB
多选题	139	根据《治安管理处罚法》的规定，违法行为轻微、初次违反治安管理的()行政拘留不执行	甲，15周岁，因诈骗被处行政拘留五日	乙，19岁，因盗窃被处行政拘留七日	丙，75岁，因嫖娼被处行政拘留十日	丁17岁，因赌博被处行政拘留五日	ACD
多选题	140	以下关于《治安管理处罚法》中，符合拘留不执行条件的是()	张某，15周岁，第一次违反治安管理	王某，14周岁生日第二天违反治安管理，16岁生日前夜再次违反治安管理	赵某，15周岁，第一次违反治安管理，寻衅滋事，造成恶劣影响	李某，75周岁，一年内寻衅滋事两次	AB
多选题	141	以下关于异地执法办案说法正确的是()	公安机关可以委托异地公安机关代为询问，也可以远程视频询问	远程视频询问的，应当通过司法机关的视频系统进行	远程视频询问形成的笔录应当交由违法嫌疑人核对	远程视频询问，应当全程同步录音录像	AD
多选题	142	以下关于《治安管理处罚法》规定的可以辨认的活动的是	让违反治安管理行为人、被侵害人和其他证人对与违反治安管理行为有关的场所、物品进行辨认	让被侵害人、其他证人对违反治安管理行为人进行辨认	让违反治安管理行为人对其他违反治安管理行为人进行辨认	让违反治安管理行为人对被侵害人、其他证人进行辨认	ABC
多选题	143	以下关于治安案件的办案期限说法正确的是()	简易程序的办案期限为二十四小时	快速办理程序的办案期限为四十八小时	治安案件精神病鉴定期间不计入办案期限	治安案件听证的期间不计入办案期限	CD
多选题	144	根据《治安管理处罚法》，下列属于治安管理处罚种类的是()	罚款	行政拘留	吊销公安机关发放的许可证件	对违反治安管理的外国人，可以附加或独立适用限期出境或者驱逐出境	ABC
多选题	145	公安机关在办理治安案件时，对()应当收缴	赌具	注射毒品用的针管	淫秽光盘	直接用于实施违反治安管理行为的本人所有的工具	ABCD
多选题	146	下列物品中，公安机关应当收缴的是()	赌具	淫秽物品	毒品	用于实施违反治安管理行为的他人的工具	ABC
多选题	147	根据《治安管理处罚法》的规定，公安机关办理治安案件时，可以对()予以追缴	吸毒用具	盗窃时用于撬门的工具	卖淫的收入	倒卖票证的收入	CD
多选题	148	根据《治安管理处罚法》的规定，下面的表述正确的是()	盲人违反治安管理的，可以从轻处罚	又聋又哑的人违反治安管理的，应当减轻处罚	又聋又哑的人违反治安管理的，可以减轻处罚	盲人违反治安管理的，可以不予处罚	ACD
多选题	149	醉酒的人在醉酒状态中，如果对本人或他人的人身、财产或公共安全产生了威胁，公安机关应当对其采取强制性约束措施约束至酒醒，约束时可以使用()	警绳	脚镣	手铐	约束带	AD
多选题	150	根据《治安管理处罚法》规定，违反治安管理有下列情形之一的，从轻、减轻处罚或者不予处罚()	情节轻微	主动消除或者减轻违法后果	有立功表现	主动投案，向公安机关如实陈述自己的违法行为	ABCD
多选题	151	《治安管理处罚法》规定的可能适用减轻处罚的情形有()	已满十四周岁不满十八周岁的人违反治安管理	间歇性精神病人	主动投案，向公安机关如实陈述自己的违法行为	违反治安管理的行为在六个月内未被公安机关发现	ABC
多选题	152	下列关于传唤说法正确的有()	不是对所有的违反治安管理行为人都必须使用传唤	传唤的地点可以是任何地点	口头传唤后不必补办传唤证	公安机关应当将传唤的原因和依据告知被传唤人	ACD
多选题	153	下列关于询问笔录说法正确的有()	询问笔录应当交被询问人核对	被询问人没有阅读能力的，应当向其宣读	被询问人确认笔录无误后，可以签名或者盖章	询问笔录记载有遗漏的，被询问人可以提出补充	ABD
多选题	154	依据《治安管理处罚法》的规定，公安机关对()可以进行检查	与违反治安管理行为有关的场所	违反治安管理行为人的物品	违反治安管理行为人的人身	与违反治安管理行为有关的公民住所	ABCD
多选题	155	公安机关办理治安案件，对()，可以扣押	被侵害人合法占有的财产，与案件有关的必须鉴定的	善意第三人合法占有的财产，与案件有关的必须鉴定的	与案件有关的需要作为证据的物品	与案件有关的需要作为证据的文件	ABCD
多选题	156	在公安机关办理治安案件过程中，对依法扣押的物品应()	应妥善保管，不得挪作他用	经查明与案件无关的应当及时退还	经核查属于他人合法财产的应登记后立即退还	超过三个月仍无人对扣押物品主张权利或无法查清权利人的，应公开拍卖	ABC
多选题	157	治安案件调查结束后，公安机关对()，作出不予处罚的决定	依法不予处罚的	违法行为已涉嫌犯罪的	发现违反治安管理行为人有其他违反行为的	违法事实不能成立的	AD
多选题	158	公安机关作出治安管理处罚决定的，应当制作治安管理处罚决定书，决定书应当载明的内容包括()	被处罚人的姓名、性别、年龄、身份证件的名称和号码、住址	违法事实和证据	对处罚决定不服，申请行政复议、提起行政诉讼的途径和期限	作出处罚决定的公安机关的名称和作出决定的日期	ABCD
多选题	159	治安管理处罚决定书应包括下列哪些内容()	被处罚人的姓名、性别、年龄、身份证号码、住址	违法事实和证据；处罚的种类、依据、执行方式和期限	对处罚决定不服申请行政复议、提起行政诉讼的途径和期限	作出处罚决定的公安机关的名称和作出决定的日期，决定书应由作出决定的公安机关加盖公章	ABCD
多选题	160	根据《治安管理处罚法》的规定，下列说法正确的有()	治安管理处罚决定书应当由作出处罚决定的人民警察签名并盖章	对治安管理处罚决定不服，被处罚人有权申请行政复议、提起行政诉讼	治安管理处罚决定书中应当载明违法的事实和证据	被处罚人申请行政复议应当在法定的期限内提出	BCD
多选题	161	根据《治安管理处罚法》的规定，下列说法正确的有()	公安机关应当向被处罚人宣告治安管理处罚决定书，并当场交付被处罚人	公安机关无法当场向被处罚人宣告处罚决定书的，应当在二日内送达被处罚人	对决定给予行政拘留处罚的，公安机关应当及时通知被处罚人的家属	有被侵害人的，公安机关应当将决定书副本抄送被侵害人	ABC
多选题	162	下列关于公安机关办理治安案件的期限说法错误的有()	公安机关办理治安案件的期限，自立案之日起不得超过三十日	案情重大、复杂的，经上一级公安机关批准，可以延长三十日	为了查明案情进行鉴定的期间，也要计入办理治安案件的期限	办案期限延长以一次为限	CD
多选题	163	根据有关规定，下列()属于不得适用当场处罚程序的案件	卖淫嫖娼案件	赌博案件	出售淫秽物品案件	吸毒案件	ABCD
多选题	164	下列不适用当场处罚的案件有()	卖淫、嫖娼案件	引诱、容留、介绍卖淫案件	拉客招嫖案件	赌博案件	ABCD
多选题	165	下列关于当场处罚说法正确的有()	违反治安管理行为事实清楚、证据确凿，处警告处罚的可以当场作出治安管理处罚决定	当场作出治安管理处罚决定的，人民警察应当向违反治安管理行为人出示人民警察证	人民警察填写处罚决定书后，应当当场交付被处罚人	有被侵害人的，人民警察应当将决定书送达被侵害人	ABCD
多选题	166	根据《治安管理处罚法》及有关规定，下列表述正确的有()	被处罚人有权申请行政复议，被侵害人也有权申请行政复议	被处罚人申请行政复议的，被侵害人可以作为复议案件的第三人参加行政复议	被处罚人有权在行政复议和行政诉讼之间自由选择	被处罚人提起行政诉讼应当符合法律的规定	ABCD
多选题	167	根据《治安管理处罚法》及有关规定，下列表述错误的有()	被侵害人无权提起行政复议	被处罚人申请行政复议就不能再提起行政诉讼	被处罚人对行政复议决定不服的可以再依法提起行政诉讼	被处罚人提起行政诉讼应当在法定的时限内提起	AB
多选题	168	在行政复议或者行政诉讼期间，有下列()情形之一的，行政拘留决定可以暂缓执行	被处罚人不服行政拘留处罚决定，申请行政复议、提起行政诉讼	遇有参加升学考试情形	遇有子女出生情形	遇有近亲属死亡情形	ABCD
多选题	169	《治安管理处罚法》实施后，治安案件中的被侵害人有哪些救济途径()	对治安管理处罚决定不服的，被侵害人可以依法申请行政复议	如果被处罚人不服治安管理处罚而提起行政诉讼，被侵害人可以作为第三人参加行政诉讼	被侵害人对违法行为人给其造成的财产损失，可以向人民法院提起民事诉讼	被侵害人如果认为公安机关在查处治安案件时，有徇私舞弊行为的，可以向人民检察院控告	ABCD
多选题	170	根据《治安管理处罚法》的规定，对被决定给予行政拘留处罚的人，执行方式表述错误的有()	由被处罚人自行到拘留所接受处罚	由作出决定的公安机关将被处罚人送达拘留所执行	由作出决定的公安机关将被处罚人送交看守所执行	在拘留所执行	AC
多选题	171	下列关于罚款的执行，表述正确的有()	一律实行罚缴分离	被处二十元罚款，被处罚人对罚款无异议的，人民警察可以当场收缴	在交通不便地区应当实行当场收缴	受到罚款处罚的人应当自收到处罚决定书之日起十五日内，到指定的银行或者通过电子支付系统缴纳罚款	BD
多选题	172	下列关于当场收缴罚款的表述正确的有()	对个人当场处以五十元罚款，均可以当场收缴	对违反治安管理、交通管理以外的违法行为人当场处以二十元罚款，可以当场收缴	对个人当场处以二百元罚款，被处罚人在当地没有固定住所，如果不当场收缴事后难以执行的，可以当场收缴	只要被处罚人提出当场缴纳罚款，就可以当场收缴，不受其他条件的限制	BC
多选题	173	根据《治安管理处罚法》的规定，对违反治安管理行为人作出罚款处罚决定的，正确的做法有()	受到罚款处罚的人都应当自公安机关作出处罚决定之日起十五日以内，到指定的银行缴纳罚款	在边远、水上、交通不便地区，公安机关及其人民警察依法作出罚款决定后，被处罚人向指定的银行缴纳罚款确有困难，经被处罚人提出，人民警察可以当场收缴罚款	当事人拒不缴纳罚款，经县级以上公安机关批准，可以处以十日以下行政拘留	人民警察当场收缴罚款，不出具省、自治区、直辖市人民政府财政部门统一制发的罚款收据的，被处罚人可以拒绝缴纳罚款	BD
多选题	174	对被处罚人逾期不缴纳罚款的，作出罚款决定的公安机关可以采取下列()措施	每日按罚款数额的百分之五加处罚款	将依法扣押的财物拍卖抵缴罚款	申请人民法院强制执行	可以处拘留，但是罚款仍应执行	BC
多选题	175	下列关于当场收缴罚款表述错误的有()	被处罚人在当地没有固定住所，人民警察可以当场收缴	人民警察当场收缴的罚款，应当自收缴罚款之日起三日以内，交至所属的公安机关	在旅客列车上当场收缴的罚款，应当自到站之日起二日以内，交至指定的银行	人民警察当场收缴罚款不必出具统一制发的罚款收据	ABCD
多选题	176	下列关于治安案件管辖表述正确的是()	国务院公安部门负责全国的治安管理工作	县级以上地方各级人民政府公安机关负责本行政区域内的治安管理工作	治安案件的管辖由国务院公安部门规定	治安案件的管辖由国务院规定	ABC
多选题	177	某日，十七周岁的高中生甲在小区门口看见一辆小汽车，发现车门未锁，钥匙插在点火开关上。甲于是上车练习开车技术，不料撞上大树。车主事后修车花费九百元。结合本案，判断下列说法中正确的有()	公安机关对本案可以调解	甲偷开他人机动车违法	甲不满十八周岁，对甲应当从轻或者减轻处罚，如属初犯将不执行行政拘留	修车费应由甲的监护人赔偿	ABCD
多选题	178	对于因民间纠纷引起的打架斗殴或者损毁他人财物等违反治安管理行为，下列做法正确的是()	经调解，当事人达成协议的，不予处罚	经调解未达成协议的，对违反治安管理行为人给予处罚	达成协议后不履行的，对违反治安管理行为人给予处罚	公安机关可以在实施治安管理处罚后就民事争议进行调解	ABC
多选题	179	下列情形公安机关应当依照《治安管理处罚法》对违反治安管理行为人给予处罚的是()	经公安机关调解未达成协议的	经公安机关调解达成协议后不履行的	多次实施违反治安管理行为的	当事人明确表示不愿意调解处理的	ABCD
多选题	180	下列对于因民间纠纷引起的殴打他人、故意伤害、侮辱、诽谤、诬告陷害、故意损毁财物、干扰他人正常生活等情节较轻的治安案件，公安机关可以调解处理的是()	亲友、邻里、同事因琐事发生纠纷引起的	在校学生间因琐事发生纠纷引起的	行为人的侵害行为系因被侵害人事前的过错行为引起的	其他适用调解处理更易化解矛盾的	ABCD
多选题	181	调解协议书应当包括()等内容	双方当事人、调解人员情况	案件情况	协议内容	履行期限和方式	ABCD
多选题	182	下列表述中，不正确的有()	已满十四周岁不满十八周岁的人违反治安管理，应当减轻处罚	十六周岁生日当天，应视为已满十六周岁	认定年龄以查处违反治安管理行为时为准	对于不满十四周岁的人违反治安管理违法所得的财物，应当追缴	ABC
多选题	183	要正确认定违反治安管理行为人的年龄，应当掌握()	按照周岁正确计算年龄	认真核实年龄	认定年龄应当以实施违反治安管理行为时为准	认定年龄应当以发现违反治安管理行为时为准	ABC
多选题	184	下列各项中，需要人民警察在笔录中注明的是()	对现场发现的违反治安管理行为人，人民警察口头传唤的	询问聋哑的违反治安管理行为人，在场有通晓手语的人提供帮助的	询问不通晓当地通用的语言文字的证人，在场配备翻译人员的	人民警察制作检查笔录，被检查人拒绝签名的	ABCD
多选题	185	公安机关应当将传唤的原因告知()	被传唤人	被传唤人家属	被传唤人所属派出所	被传唤人所属社区工作人员	AB
多选题	186	下列关于询问的表述，()是正确的	对醉酒的人约束至酒醒的时间不计入询问查证的时间内	当场处罚的治安案件可以由一名民警调查询问	被询问人就被询问事项自行提供书面材料的应当允许	询问不满十八周岁的未成年在校学生应当首先通知其所在学校的教师在场	ABC
多选题	187	被行政拘留人在被行政拘留前因同一行为被依法()的，应当折抵行政拘留时间	刑事拘留	逮捕	取保候审	强制传唤	AB
多选题	188	行政案件有下列()情形之一的，应当予以结案	作出不予处罚决定	适用调解程序的案件达成调解协议并履行	作出行政处罚等处理决定并已执行	违法行为涉嫌构成犯罪，转为刑事案件办理	ABCD
判断题	1	公安机关调解达成的协议具有强制执行力。	正确	错误		B
判断题	2	公安派出所可以作出行政拘留处罚决定。	正确	错误		B
判断题	3	违反治安管理行为在六个月内未被公安机关发现的，不再给予处罚。	正确	错误		A
判断题	4	教唆他人违反治安管理的，按其教唆的行为处罚并从重。	正确	错误		A
判断题	5	治安案件经调解达成协议并履行的，仍可给予治安处罚。	正确	错误		B
判断题	6	非法携带管制器具进入公共场所的，属于妨害公共安全的行为。	正确	错误		A
判断题	7	被处罚人对治安管理处罚决定不服的，只能申请复议，不能直接提起诉讼。	正确	错误		B
判断题	8	违反治安管理行为的处罚种类包括警告、罚款、行政拘留、有期徒刑。	正确	错误		B
判断题	9	已满十四周岁不满十八周岁的违反治安管理行为人，应当从轻或减轻处罚。	正确	错误		A
判断题	10	对违反治安管理的外国人，可以附加适用限期出境或者驱逐出境。	正确	错误		A
判断题	11	公安机关办理治安案件时，对所有涉案物品都应当扣押。	正确	错误		B
判断题	12	被处罚人申请行政复议期间，治安管理处罚决定停止执行。	正确	错误		B
判断题	13	虐待所监护、看护的幼老病残人员，情节轻微的，仅给予批评教育，不给予治安管理处罚。	正确	错误		B
判断题	14	主动投案并如实陈述违法行为的，应当不予处罚。	正确	错误		B
判断题	15	当事人对治安管理处罚决定不服的，必须先申请行政复议，再提起行政诉讼。	正确	错误		B
判断题	16	当事人达成协议的治安案件，公安机关不予处罚。	正确	错误		B
判断题	17	间歇性的精神病人在精神正常的时候违反治安管理的，应予处罚。	正确	错误		A
判断题	18	间歇性的精神病人违反治安管理的，不予处罚，但是应当责令其监护人严加看管和治疗。	正确	错误		B
判断题	19	盲人或者又聋又哑的人违反治安管理的，可以从轻、减轻或者不予处罚。	正确	错误		A
判断题	20	又聋又哑的人违反治安管理的，应当从轻、减轻或者不予处罚。	正确	错误		B
判断题	21	醉酒的人违反治安管理的，应当从轻或者减轻处罚。	正确	错误		B
判断题	22	根据《治安管理处罚法》的规定，行政拘留处罚合并执行的，最长不超过二十日。	正确	错误		A
判断题	23	根据《治安管理处罚法》的规定，行政拘留处罚合并执行的，最长不超过三十日。	正确	错误		B
判断题	24	有两种以上违反治安管理行为的，分别决定，合并执行，执行期限进行累加。	正确	错误		B
判断题	25	教唆、胁迫、诱骗他人违反治安管理的，按照其教唆、胁迫、诱骗的行为处罚。	正确	错误		A
判断题	26	共同违反治安管理的，根据违反治安管理行为人在违反治安管理行为中所起的作用，分别处罚。	正确	错误		A
判断题	27	违反治安管理行为人对报案人、控告人、举报人、证人打击报复的，应当从重处罚。	正确	错误		A
判断题	28	教唆、胁迫、诱骗他人违反治安管理的，应当从重或者加重处罚。	正确	错误		B
判断题	29	对报案人、控告人、举报人、证人打击报复的，应当从重或者加重处罚。	正确	错误		B
判断题	30	刑讯逼供或者采用威胁、引诱、欺骗等手段收集的证据，不得作为处罚的根据。	正确	错误		A
判断题	31	公安机关不能作出吊销许可证件的处罚。	正确	错误		B
判断题	32	以非法手段收集的证据，特殊情况下也可以作为处罚的根据。	正确	错误		B
判断题	33	公安机关及其人民警察在办理治安案件时，对涉及的国家秘密、商业秘密或者个人隐私，应当予以保密。	正确	错误		A
判断题	34	公安机关在查处治安案件时，如案情需要，可以查询公民与案情有关的个人隐私。	正确	错误		A
判断题	35	公安机关及其人民警察在办理治安案件时，对涉及的国家秘密、商业秘密或者个人隐私，应当停止调查。	正确	错误		B
判断题	36	在办理治安案件过程中，公安机关负责人的回避，由其所属的公安机关决定。	正确	错误		B
判断题	37	人民警察的回避可以由人民警察本人提出。	正确	错误		A
判断题	38	人民警察在办理治安案件过程中，与本案当事人有其他关系，可能影响案件公正处理的，应当回避。	正确	错误		A
判断题	39	人民警察的回避，由其所属的公安机关的上一级公安机关决定。	正确	错误		B
判断题	40	违反治安管理行为人、被侵害人或者其法定代理人没有权利要求公安机关负责人回避。	正确	错误		B
判断题	41	人民警察的回避，由其所属的公安机关决定；公安机关负责人的回避，由上一级公安机关决定。	正确	错误		A
判断题	42	公安机关在办理治安案件时，对拒绝作证的证人可以传唤。	正确	错误		B
判断题	43	公安民警对当场发现的违法犯罪嫌疑人可以进行口头传唤，但须补办传唤证。	正确	错误		B
判断题	44	需要传唤违反治安管理行为人接受调查的，经公安机关办案部门负责人批准，可以口头传唤。	正确	错误		B
判断题	45	需要传唤违反治安管理行为人接受调查的，经县级以上公安机关负责人批准，使用传唤证传唤。	正确	错误		B
判断题	46	对现场发现的违反治安管理行为人，人民警察经出示工作证件，可以口头传唤，但应当在询问笔录中注明。	正确	错误		B
判断题	47	公安机关应当将传唤的原因和依据告知被传唤人。	正确	错误		A
判断题	48	对无正当理由不接受传唤或者逃避传唤的人，可以行政拘留。	正确	错误		B
判断题	49	对不接受传唤或者逃避传唤的人，可以直接强制传唤。	正确	错误		B
判断题	50	对无正当理由不接受传唤或者逃避传唤的人，应当强制传唤。	正确	错误		B
判断题	51	对无正当理由不接受传唤或者逃避传唤的人，可以强制传唤。	正确	错误		A
判断题	52	对拒不配合公安调查工作的被传唤人，可以强制传唤。	正确	错误		B
判断题	53	现场发现的违反治安管理行为人，公安机关可以强制传唤。	正确	错误		B
判断题	54	口头传唤后不必补办传唤证，但应当在询问笔录中注明情况。	正确	错误		A
判断题	55	公安机关不必将传唤的处所通知被传唤人家属。	正确	错误		B
判断题	56	办理一般的治安案件，如果情况不是很复杂，整个案件的询问查证时间不得超过六个小时。	正确	错误		B
判断题	57	公安机关询问违法嫌疑人，必须在公安机关进行。	正确	错误		B
判断题	58	询问笔录应当由办案民警记录，被询问人要求就被询问事项自行提供书面材料的，一般不准许。	正确	错误		B
判断题	59	被询问人没有阅读能力的，人民警察应当向其宣读。	正确	错误		A
判断题	60	询问笔录记载有遗漏或者差错的，被询问人可以提出补充或者更正。	正确	错误		A
判断题	61	人民警察可以要求被询问人自行书写与被询问事项有关的书面材料。	正确	错误		A
判断题	62	询问不满十八周岁的违反治安管理行为人，应当通知其父母或者其他监护人到场。	正确	错误		A
判断题	63	询问不满十八周岁违反治安管理的在校学生，应当通知其父母或其老师都到场。	正确	错误		B
判断题	64	人民警察在公安机关以外询问被侵害人或者其他证人，应当出示工作证件和介绍信。	正确	错误		B
判断题	65	询问聋哑的违反治安管理行为人，应当有通晓手语的人提供帮助，并在笔录上注明。	正确	错误		A
判断题	66	询问聋哑的被侵害人或者其他证人，必要时可以邀请通晓手语的人提供帮助。	正确	错误		B
判断题	67	依法对卖淫女进行性病检查，应当由女警察进行。	正确	错误		B
判断题	68	对确有必要立即进行检查的，人民警察经出示工作证件，可以当场检查，一律不必出具检查证。	正确	错误		B
判断题	69	对确有必要立即进行检查的公民住所，应当出示县级以上人民政府公安机关开具的检查证。	正确	错误		A
判断题	70	对确有必要立即进行检查的公民物品，应当出示县级以上人民政府公安机关开具的检查证。	正确	错误		B
判断题	71	对确有必要立即进行检查的公民人身，应当出示县级以上人民政府公安机关开具的检查证。	正确	错误		B
判断题	72	在办理治安案件过程中，检查妇女的身体，可以由男性医师进行。	正确	错误		A
判断题	73	根据《治安管理处罚法》的规定，公安机关有对与违反治安管理行为有关的场所、物品、人身进行检查的权力。	正确	错误		A
判断题	74	办理同一起治安案件，需要对不同住宅进行检查时，可以使用同一检查证。	正确	错误		B
判断题	75	公安机关办理治安案件，对被侵害人或者善意第三人合法占有的财产，均不得扣押，但应当予以登记。	正确	错误		B
判断题	76	公安机关办理治安案件，对扣押的物品，应当妥善保管，不得挪作他用。	正确	错误		A
判断题	77	公安机关办理治安案件，对不宜长期保存的扣押物品，应当销毁。	正确	错误		B
判断题	78	公安机关办理治安案件，对不宜长期保存的扣押物品，应当返还物品持有人。	正确	错误		B
判断题	79	案件事实清楚、证据充分的，没有本人陈述，公安机关也可以作出治安管理处罚决定。	正确	错误		A
判断题	80	只有本人陈述，没有其他证据证明的，公安机关不能作出治安管理处罚决定。	正确	错误		A
判断题	81	公安机关查处治安案件，对没有本人陈述，案件清楚，虽证据有所欠缺，也可以作出治安管理处罚决定。	正确	错误		B
判断题	82	公安机关不得因违反治安管理行为人的陈述、申辩而加重处罚。	正确	错误		A
判断题	83	公安机关对违反治安管理行为人提出的事实、理由和证据，应当进行复核。	正确	错误		A
判断题	84	违反治安管理行为人提出的事实、理由或者证据，公安机关应当采纳。	正确	错误		B
判断题	85	公安机关不得因违反治安管理行为人的陈述、申辩而减轻处罚。	正确	错误		B
判断题	86	治安案件调查结束后，违法行为已涉嫌犯罪的，公安机关应当移送主管机关依法追究刑事责任。	正确	错误		A
判断题	87	治安案件调查结束后，发现违反治安管理行为人有其他违法行为的，公安机关应当在对违反治安管理行为作出处罚决定的同时，通知或移送有关行政主管部门处理。	正确	错误		A
判断题	88	治安管理处罚决定书应当由作出处罚决定的人民警察签名并盖章。	正确	错误		B
判断题	89	公安机关无法当场向被处罚人宣告的，应当在三日内送达被处罚人。	正确	错误		B
判断题	90	公安机关决定不予行政拘留处罚的，应当及时通知被处罚人的家属。	正确	错误		B
判断题	91	公安机关对违法行为人作出治安管理处罚决定后，应当及时通知被处罚人的家属。	正确	错误		B
判断题	92	治安案件中有被侵害人的，公安机关应当将治安管理处罚决定书复印件或副本送达被侵害人。	正确	错误		B
判断题	93	甲因两种违反治安管理的行为，拟对其分别处以一千元和一千五百元的罚款，合并执行，则其享有听证的权利。	正确	错误		B
判断题	94	公安机关作出处一千元以上罚款的治安管理处罚决定前，应当告知违反治安管理行为人有权要求举行听证。	正确	错误		B
判断题	95	公安派出所承办的案情重大、复杂的案件，需要延长办案期限的，应当报所属公安机关批准。	正确	错误		A
判断题	96	当场作出治安管理处罚决定的，经办的人民警察应当在十二小时内报所属公安机关备案。	正确	错误		B
判断题	97	被处罚人对治安管理处罚决定不服的，可以依法申请行政复议或者提起行政诉讼。	正确	错误		A
判断题	98	治安管理处罚决定一经作出，就发生法律效力，任何单位和个人非经法定程序和理由，不得随意变更或者撤销。	正确	错误		A
判断题	99	被处罚人对治安管理处罚决定不服的，既可以申请行政复议，也可以直接提起行政诉讼。	正确	错误		A
判断题	100	对被决定给予行政拘留处罚的人，由作出决定的公安机关送达拘留所执行。	正确	错误		A
判断题	101	对被决定给予行政拘留处罚的人，由抓获嫌疑人的公安机关送达拘留所执行。	正确	错误		B
判断题	102	公安机关应当依照有关法律、行政法规的规定，在作出罚款处罚决定时，一并收缴罚款，以节约时间和资源。	正确	错误		B
判断题	103	公安机关作出罚款决定的，被处罚人可以在收到处罚决定书之日起十五日后，到指定的银行缴纳罚款。	正确	错误		B
判断题	104	受到罚款处罚的人应当自收到处罚决定书之日起十五日内，到公安机关缴纳罚款。	正确	错误		B
判断题	105	公安机关只能吊销自己发放的许可证件，无权吊销其他行政机关发放的许可证件。	正确	错误		A
判断题	106	人民警察当场收缴的罚款，应当自收缴罚款之日起两日内，交至所属的公安机关。	正确	错误		A
判断题	107	违反治安管理行为人被处二百元以下罚款，被处罚人对罚款无异议的，人民警察可以当场收缴罚款。	正确	错误		A
判断题	108	检查妇女的身体，应当由女性工作人员或者医师进行。	正确	错误		A
判断题	109	检查妇女的身体，只能由女性警察进行。	正确	错误		B
判断题	110	王某实施了盗窃违法行为，后向公安机关主动投案，且部分交待了自己的违法犯罪事实，对于王某应当减轻处罚或者不予处罚。	正确	错误		B
判断题	111	公安机关办理治安案件的期限，自立案之日起不得超过三十日；案情重大、复杂的案件时，经上一级公安机关批准，可以延长六十日。	正确	错误		B
判断题	112	新修订的《治安管理处罚法》新增了对校园欺凌的处罚规定。	正确	错误		A
判断题	113	高空抛物只有造成实际损害才会被处罚。	正确	错误		B
判断题	114	七十周岁以上的违反治安管理行为人，一律不执行行政拘留。	正确	错误		B
判断题	115	违法治安管理行为对他人造成损害的，仅需承担治安处罚责任，无需承担民事责任。	正确	错误		B
判断题	116	网络暴力行为不属于违反治安管理行为，只能通过民事诉讼解决。	正确	错误		B
判断题	117	虚构事实扰乱公共秩序的，仅需警告即可。	正确	错误		B
判断题	118	已满十六周岁不满十八周岁的未成年人一年内二次以上违反治安管理的，应当执行行政拘留。	正确	错误		B
判断题	119	正当防卫造成不法侵害人重大损害的，属于违反治安管理行为，应当减轻处罚。	正确	错误		B
判断题	120	治安违法记录封存后，任何单位和个人都不得查询。	正确	错误		B
判断题	121	教唆未成年人实施治安违法行为的，应当从重处罚。	正确	错误		A
判断题	122	单位实施治安违法行为的，只对单位进行罚款，不对个人处罚。	正确	错误		B
